edicao,pergunta_enunciado,dimensao_1,categoria_1,dimensao_2,categoria_2,respondentes,total_no_grupo,participacao_pct
2023-2024,R19,genero,Feminino,nivel,Sênior,307,943,32.5557
2023-2024,R19,genero,Feminino,nivel,Pleno,337,943,35.737
2023-2024,R19,genero,Feminino,nivel,Júnior,299,943,31.7073
2023-2024,R19,genero,Masculino,nivel,Júnior,743,2896,25.6561
2023-2024,R19,genero,Masculino,nivel,Sênior,1106,2896,38.1906
2023-2024,R19,genero,Masculino,nivel,Pleno,1047,2896,36.1533
2023-2024,R19,genero,Outro,nivel,Pleno,4,7,57.1429
2023-2024,R19,genero,Outro,nivel,Sênior,2,7,28.5714
2023-2024,R19,genero,Outro,nivel,Júnior,1,7,14.2857
2023-2024,R19,genero,Prefiro não informar,nivel,Pleno,4,11,36.3636
2023-2024,R19,genero,Prefiro não informar,nivel,Sênior,4,11,36.3636
2023-2024,R19,genero,Prefiro não informar,nivel,Júnior,3,11,27.2727
2024-2025,R19,genero,Feminino,nivel,Pleno,365,942,38.7473
2024-2025,R19,genero,Feminino,nivel,Sênior,335,942,35.5626
2024-2025,R19,genero,Feminino,nivel,Júnior,242,942,25.69
2024-2025,R19,genero,Masculino,nivel,Sênior,1228,2857,42.9821
2024-2025,R19,genero,Masculino,nivel,Júnior,623,2857,21.8061
2024-2025,R19,genero,Masculino,nivel,Pleno,1006,2857,35.2118
2024-2025,R19,genero,Outro,nivel,Sênior,3,5,60.0
2024-2025,R19,genero,Outro,nivel,Pleno,2,5,40.0
2024-2025,R19,genero,Prefiro não informar,nivel,Sênior,6,12,50.0
2024-2025,R19,genero,Prefiro não informar,nivel,Pleno,3,12,25.0
2024-2025,R19,genero,Prefiro não informar,nivel,Júnior,3,12,25.0
2025-2026,R19,genero,Feminino,nivel,Especialista/Staff+,70,567,12.3457
2025-2026,R19,genero,Feminino,nivel,Júnior,146,567,25.7496
2025-2026,R19,genero,Feminino,nivel,Pleno,173,567,30.5115
2025-2026,R19,genero,Feminino,nivel,Sênior,178,567,31.3933
2025-2026,R19,genero,Masculino,nivel,Sênior,675,1917,35.2113
2025-2026,R19,genero,Masculino,nivel,Pleno,599,1917,31.2467
2025-2026,R19,genero,Masculino,nivel,Júnior,367,1917,19.1445
2025-2026,R19,genero,Masculino,nivel,Especialista/Staff+,276,1917,14.3975
2025-2026,R19,genero,Outro,nivel,Sênior,3,7,42.8571
2025-2026,R19,genero,Outro,nivel,Pleno,1,7,14.2857
2025-2026,R19,genero,Outro,nivel,Especialista/Staff+,1,7,14.2857
2025-2026,R19,genero,Outro,nivel,Júnior,2,7,28.5714
2025-2026,R19,genero,Prefiro não informar,nivel,Sênior,2,9,22.2222
2025-2026,R19,genero,Prefiro não informar,nivel,Júnior,3,9,33.3333
2025-2026,R19,genero,Prefiro não informar,nivel,Especialista/Staff+,2,9,22.2222
2025-2026,R19,genero,Prefiro não informar,nivel,Pleno,2,9,22.2222
2023-2024,R19,genero,Feminino,faixa_salarial,de R$ 6.001/mês a R$ 8.000/mês,173,1111,15.5716
2023-2024,R19,genero,Feminino,faixa_salarial,de R$ 12.001/mês a R$ 16.000/mês,148,1111,13.3213
2023-2024,R19,genero,Feminino,faixa_salarial,de R$ 4.001/mês a R$ 6.000/mês,181,1111,16.2916
2023-2024,R19,genero,Feminino,faixa_salarial,de R$ 2.001/mês a R$ 3.000/mês,76,1111,6.8407
2023-2024,R19,genero,Feminino,faixa_salarial,Acima de R$ 40.001/mês,11,1111,0.9901
2023-2024,R19,genero,Feminino,faixa_salarial,de R$ 25.001/mês a R$ 30.000/mês,18,1111,1.6202
2023-2024,R19,genero,Feminino,faixa_salarial,de R$ 3.001/mês a R$ 4.000/mês,95,1111,8.5509
2023-2024,R19,genero,Feminino,faixa_salarial,de R$ 8.001/mês a R$ 12.000/mês,242,1111,21.7822
2023-2024,R19,genero,Feminino,faixa_salarial,de R$ 16.001/mês a R$ 20.000/mês,56,1111,5.0405
2023-2024,R19,genero,Feminino,faixa_salarial,de R$ 1.001/mês a R$ 2.000/mês,72,1111,6.4806
2023-2024,R19,genero,Feminino,faixa_salarial,de R$ 20.001/mês a R$ 25.000/mês,22,1111,1.9802
2023-2024,R19,genero,Feminino,faixa_salarial,Menos de R$ 1.000/mês,10,1111,0.9001
2023-2024,R19,genero,Feminino,faixa_salarial,de R$ 30.001/mês a R$ 40.000/mês,7,1111,0.6301
2023-2024,R19,genero,Masculino,faixa_salarial,de R$ 12.001/mês a R$ 16.000/mês,500,3622,13.8045
2023-2024,R19,genero,Masculino,faixa_salarial,de R$ 20.001/mês a R$ 25.000/mês,173,3622,4.7764
2023-2024,R19,genero,Masculino,faixa_salarial,de R$ 25.001/mês a R$ 30.000/mês,110,3622,3.037
2023-2024,R19,genero,Masculino,faixa_salarial,de R$ 2.001/mês a R$ 3.000/mês,211,3622,5.8255
2023-2024,R19,genero,Masculino,faixa_salarial,de R$ 4.001/mês a R$ 6.000/mês,561,3622,15.4887
2023-2024,R19,genero,Masculino,faixa_salarial,de R$ 6.001/mês a R$ 8.000/mês,458,3622,12.6449
2023-2024,R19,genero,Masculino,faixa_salarial,de R$ 30.001/mês a R$ 40.000/mês,77,3622,2.1259
2023-2024,R19,genero,Masculino,faixa_salarial,Acima de R$ 40.001/mês,60,3622,1.6565
2023-2024,R19,genero,Masculino,faixa_salarial,Menos de R$ 1.000/mês,20,3622,0.5522
2023-2024,R19,genero,Masculino,faixa_salarial,de R$ 3.001/mês a R$ 4.000/mês,256,3622,7.0679
2023-2024,R19,genero,Masculino,faixa_salarial,de R$ 8.001/mês a R$ 12.000/mês,781,3622,21.5627
2023-2024,R19,genero,Masculino,faixa_salarial,de R$ 16.001/mês a R$ 20.000/mês,272,3622,7.5097
2023-2024,R19,genero,Masculino,faixa_salarial,de R$ 1.001/mês a R$ 2.000/mês,143,3622,3.9481
2023-2024,R19,genero,Outro,faixa_salarial,de R$ 4.001/mês a R$ 6.000/mês,1,7,14.2857
2023-2024,R19,genero,Outro,faixa_salarial,de R$ 2.001/mês a R$ 3.000/mês,1,7,14.2857
2023-2024,R19,genero,Outro,faixa_salarial,de R$ 8.001/mês a R$ 12.000/mês,2,7,28.5714
2023-2024,R19,genero,Outro,faixa_salarial,de R$ 6.001/mês a R$ 8.000/mês,2,7,28.5714
2023-2024,R19,genero,Outro,faixa_salarial,de R$ 1.001/mês a R$ 2.000/mês,1,7,14.2857
2023-2024,R19,genero,Prefiro não informar,faixa_salarial,de R$ 12.001/mês a R$ 16.000/mês,2,13,15.3846
2023-2024,R19,genero,Prefiro não informar,faixa_salarial,de R$ 6.001/mês a R$ 8.000/mês,4,13,30.7692
2023-2024,R19,genero,Prefiro não informar,faixa_salarial,de R$ 4.001/mês a R$ 6.000/mês,2,13,15.3846
2023-2024,R19,genero,Prefiro não informar,faixa_salarial,de R$ 30.001/mês a R$ 40.000/mês,2,13,15.3846
2023-2024,R19,genero,Prefiro não informar,faixa_salarial,de R$ 3.001/mês a R$ 4.000/mês,1,13,7.6923
2023-2024,R19,genero,Prefiro não informar,faixa_salarial,de R$ 8.001/mês a R$ 12.000/mês,1,13,7.6923
2023-2024,R19,genero,Prefiro não informar,faixa_salarial,Acima de R$ 40.001/mês,1,13,7.6923
2024-2025,R19,genero,Feminino,faixa_salarial,de R$ 1.001/mês a R$ 2.000/mês,59,1141,5.1709
2024-2025,R19,genero,Feminino,faixa_salarial,de R$ 2.001/mês a R$ 3.000/mês,57,1141,4.9956
2024-2025,R19,genero,Feminino,faixa_salarial,Acima de R$ 40.001/mês,8,1141,0.7011
2024-2025,R19,genero,Feminino,faixa_salarial,Menos de R$ 1.000/mês,6,1141,0.5259
2024-2025,R19,genero,Feminino,faixa_salarial,de R$ 4.001/mês a R$ 6.000/mês,155,1141,13.5846
2024-2025,R19,genero,Feminino,faixa_salarial,de R$ 3.001/mês a R$ 4.000/mês,64,1141,5.6091
2024-2025,R19,genero,Feminino,faixa_salarial,de R$ 16.001/mês a R$ 20.000/mês,88,1141,7.7125
2024-2025,R19,genero,Feminino,faixa_salarial,de R$ 25.001/mês a R$ 30.000/mês,20,1141,1.7528
2024-2025,R19,genero,Feminino,faixa_salarial,de R$ 30.001/mês a R$ 40.000/mês,23,1141,2.0158
2024-2025,R19,genero,Feminino,faixa_salarial,de R$ 12.001/mês a R$ 16.000/mês,152,1141,13.3216
2024-2025,R19,genero,Feminino,faixa_salarial,de R$ 20.001/mês a R$ 25.000/mês,32,1141,2.8046
2024-2025,R19,genero,Feminino,faixa_salarial,de R$ 8.001/mês a R$ 12.000/mês,294,1141,25.7669
2024-2025,R19,genero,Feminino,faixa_salarial,de R$ 6.001/mês a R$ 8.000/mês,183,1141,16.0386
2024-2025,R19,genero,Masculino,faixa_salarial,de R$ 8.001/mês a R$ 12.000/mês,780,3699,21.0868
2024-2025,R19,genero,Masculino,faixa_salarial,Menos de R$ 1.000/mês,27,3699,0.7299
2024-2025,R19,genero,Masculino,faixa_salarial,de R$ 6.001/mês a R$ 8.000/mês,468,3699,12.6521
2024-2025,R19,genero,Masculino,faixa_salarial,de R$ 25.001/mês a R$ 30.000/mês,139,3699,3.7578
2024-2025,R19,genero,Masculino,faixa_salarial,Acima de R$ 40.001/mês,92,3699,2.4872
2024-2025,R19,genero,Masculino,faixa_salarial,de R$ 16.001/mês a R$ 20.000/mês,367,3699,9.9216
2024-2025,R19,genero,Masculino,faixa_salarial,de R$ 2.001/mês a R$ 3.000/mês,179,3699,4.8391
2024-2025,R19,genero,Masculino,faixa_salarial,de R$ 3.001/mês a R$ 4.000/mês,204,3699,5.515
2024-2025,R19,genero,Masculino,faixa_salarial,de R$ 1.001/mês a R$ 2.000/mês,95,3699,2.5683
2024-2025,R19,genero,Masculino,faixa_salarial,de R$ 4.001/mês a R$ 6.000/mês,437,3699,11.814
2024-2025,R19,genero,Masculino,faixa_salarial,de R$ 20.001/mês a R$ 25.000/mês,214,3699,5.7853
2024-2025,R19,genero,Masculino,faixa_salarial,de R$ 12.001/mês a R$ 16.000/mês,563,3699,15.2203
2024-2025,R19,genero,Masculino,faixa_salarial,de R$ 30.001/mês a R$ 40.000/mês,134,3699,3.6226
2024-2025,R19,genero,Outro,faixa_salarial,de R$ 8.001/mês a R$ 12.000/mês,2,6,33.3333
2024-2025,R19,genero,Outro,faixa_salarial,de R$ 6.001/mês a R$ 8.000/mês,3,6,50.0
2024-2025,R19,genero,Outro,faixa_salarial,Acima de R$ 40.001/mês,1,6,16.6667
2024-2025,R19,genero,Prefiro não informar,faixa_salarial,de R$ 2.001/mês a R$ 3.000/mês,1,15,6.6667
2024-2025,R19,genero,Prefiro não informar,faixa_salarial,de R$ 12.001/mês a R$ 16.000/mês,1,15,6.6667
2024-2025,R19,genero,Prefiro não informar,faixa_salarial,de R$ 16.001/mês a R$ 20.000/mês,1,15,6.6667
2024-2025,R19,genero,Prefiro não informar,faixa_salarial,de R$ 8.001/mês a R$ 12.000/mês,4,15,26.6667
2024-2025,R19,genero,Prefiro não informar,faixa_salarial,de R$ 6.001/mês a R$ 8.000/mês,2,15,13.3333
2024-2025,R19,genero,Prefiro não informar,faixa_salarial,de R$ 1.001/mês a R$ 2.000/mês,1,15,6.6667
2024-2025,R19,genero,Prefiro não informar,faixa_salarial,Acima de R$ 40.001/mês,3,15,20.0
2024-2025,R19,genero,Prefiro não informar,faixa_salarial,de R$ 3.001/mês a R$ 4.000/mês,2,15,13.3333
2025-2026,R19,genero,Feminino,faixa_salarial,Menos de R$ 1.000/mês,6,701,0.8559
2025-2026,R19,genero,Feminino,faixa_salarial,de R$ 2.001/mês a R$ 3.000/mês,41,701,5.8488
2025-2026,R19,genero,Feminino,faixa_salarial,de R$ 12.001/mês a R$ 16.000/mês,118,701,16.8331
2025-2026,R19,genero,Feminino,faixa_salarial,de R$ 3.001/mês a R$ 4.000/mês,41,701,5.8488
2025-2026,R19,genero,Feminino,faixa_salarial,de R$ 6.001/mês a R$ 8.000/mês,88,701,12.5535
2025-2026,R19,genero,Feminino,faixa_salarial,de R$ 20.001/mês a R$ 25.000/mês,39,701,5.5635
2025-2026,R19,genero,Feminino,faixa_salarial,de R$ 4.001/mês a R$ 6.000/mês,79,701,11.2696
2025-2026,R19,genero,Feminino,faixa_salarial,de R$ 16.001/mês a R$ 20.000/mês,65,701,9.2725
2025-2026,R19,genero,Feminino,faixa_salarial,de R$ 8.001/mês a R$ 12.000/mês,153,701,21.826
2025-2026,R19,genero,Feminino,faixa_salarial,de R$ 25.001/mês a R$ 30.000/mês,14,701,1.9971
2025-2026,R19,genero,Feminino,faixa_salarial,Acima de R$ 40.001/mês,8,701,1.1412
2025-2026,R19,genero,Feminino,faixa_salarial,de R$ 30.001/mês a R$ 40.000/mês,15,701,2.1398
2025-2026,R19,genero,Feminino,faixa_salarial,de R$ 1.001/mês a R$ 2.000/mês,34,701,4.8502
2025-2026,R19,genero,Masculino,faixa_salarial,de R$ 8.001/mês a R$ 12.000/mês,550,2510,21.9124
2025-2026,R19,genero,Masculino,faixa_salarial,Menos de R$ 1.000/mês,15,2510,0.5976
2025-2026,R19,genero,Masculino,faixa_salarial,de R$ 6.001/mês a R$ 8.000/mês,278,2510,11.0757
2025-2026,R19,genero,Masculino,faixa_salarial,de R$ 20.001/mês a R$ 25.000/mês,173,2510,6.8924
2025-2026,R19,genero,Masculino,faixa_salarial,de R$ 30.001/mês a R$ 40.000/mês,97,2510,3.8645
2025-2026,R19,genero,Masculino,faixa_salarial,de R$ 4.001/mês a R$ 6.000/mês,263,2510,10.4781
2025-2026,R19,genero,Masculino,faixa_salarial,Acima de R$ 40.001/mês,107,2510,4.2629
2025-2026,R19,genero,Masculino,faixa_salarial,de R$ 1.001/mês a R$ 2.000/mês,81,2510,3.2271
2025-2026,R19,genero,Masculino,faixa_salarial,de R$ 12.001/mês a R$ 16.000/mês,365,2510,14.5418
2025-2026,R19,genero,Masculino,faixa_salarial,de R$ 2.001/mês a R$ 3.000/mês,88,2510,3.506
2025-2026,R19,genero,Masculino,faixa_salarial,de R$ 3.001/mês a R$ 4.000/mês,114,2510,4.5418
2025-2026,R19,genero,Masculino,faixa_salarial,de R$ 16.001/mês a R$ 20.000/mês,258,2510,10.2789
2025-2026,R19,genero,Masculino,faixa_salarial,de R$ 25.001/mês a R$ 30.000/mês,121,2510,4.8207
2025-2026,R19,genero,Outro,faixa_salarial,de R$ 8.001/mês a R$ 12.000/mês,2,7,28.5714
2025-2026,R19,genero,Outro,faixa_salarial,de R$ 6.001/mês a R$ 8.000/mês,1,7,14.2857
2025-2026,R19,genero,Outro,faixa_salarial,de R$ 2.001/mês a R$ 3.000/mês,1,7,14.2857
2025-2026,R19,genero,Outro,faixa_salarial,de R$ 4.001/mês a R$ 6.000/mês,1,7,14.2857
2025-2026,R19,genero,Outro,faixa_salarial,de R$ 12.001/mês a R$ 16.000/mês,1,7,14.2857
2025-2026,R19,genero,Outro,faixa_salarial,de R$ 1.001/mês a R$ 2.000/mês,1,7,14.2857
2025-2026,R19,genero,Prefiro não informar,faixa_salarial,de R$ 20.001/mês a R$ 25.000/mês,1,9,11.1111
2025-2026,R19,genero,Prefiro não informar,faixa_salarial,de R$ 1.001/mês a R$ 2.000/mês,1,9,11.1111
2025-2026,R19,genero,Prefiro não informar,faixa_salarial,de R$ 30.001/mês a R$ 40.000/mês,2,9,22.2222
2025-2026,R19,genero,Prefiro não informar,faixa_salarial,de R$ 3.001/mês a R$ 4.000/mês,2,9,22.2222
2025-2026,R19,genero,Prefiro não informar,faixa_salarial,de R$ 8.001/mês a R$ 12.000/mês,2,9,22.2222
2025-2026,R19,genero,Prefiro não informar,faixa_salarial,de R$ 4.001/mês a R$ 6.000/mês,1,9,11.1111
2023-2024,R19,genero,Feminino,atua_como_gestor,Sim,168,1111,15.1215
2023-2024,R19,genero,Feminino,atua_como_gestor,Nao,943,1111,84.8785
2023-2024,R19,genero,Masculino,atua_como_gestor,Nao,2896,3622,79.9558
2023-2024,R19,genero,Masculino,atua_como_gestor,Sim,726,3622,20.0442
2023-2024,R19,genero,Outro,atua_como_gestor,Nao,7,7,100.0
2023-2024,R19,genero,Prefiro não informar,atua_como_gestor,Nao,11,13,84.6154
2023-2024,R19,genero,Prefiro não informar,atua_como_gestor,Sim,2,13,15.3846
2024-2025,R19,genero,Feminino,atua_como_gestor,Nao,942,1141,82.5592
2024-2025,R19,genero,Feminino,atua_como_gestor,Sim,199,1141,17.4408
2024-2025,R19,genero,Masculino,atua_como_gestor,Sim,842,3699,22.7629
2024-2025,R19,genero,Masculino,atua_como_gestor,Nao,2857,3699,77.2371
2024-2025,R19,genero,Outro,atua_como_gestor,Nao,5,6,83.3333
2024-2025,R19,genero,Outro,atua_como_gestor,Sim,1,6,16.6667
2024-2025,R19,genero,Prefiro não informar,atua_como_gestor,Nao,12,15,80.0
2024-2025,R19,genero,Prefiro não informar,atua_como_gestor,Sim,3,15,20.0
2025-2026,R19,genero,Feminino,atua_como_gestor,Sim,134,701,19.1155
2025-2026,R19,genero,Feminino,atua_como_gestor,Nao,567,701,80.8845
2025-2026,R19,genero,Masculino,atua_como_gestor,Sim,593,2510,23.6255
2025-2026,R19,genero,Masculino,atua_como_gestor,Nao,1917,2510,76.3745
2025-2026,R19,genero,Outro,atua_como_gestor,Nao,7,7,100.0
2025-2026,R19,genero,Prefiro não informar,atua_como_gestor,Nao,9,9,100.0
2023-2024,R18,nivel,Júnior,faixa_salarial,de R$ 8.001/mês a R$ 12.000/mês,43,1046,4.1109
2023-2024,R18,nivel,Júnior,faixa_salarial,de R$ 1.001/mês a R$ 2.000/mês,194,1046,18.5468
2023-2024,R18,nivel,Júnior,faixa_salarial,de R$ 6.001/mês a R$ 8.000/mês,79,1046,7.5526
2023-2024,R18,nivel,Júnior,faixa_salarial,de R$ 4.001/mês a R$ 6.000/mês,294,1046,28.1071
2023-2024,R18,nivel,Júnior,faixa_salarial,de R$ 3.001/mês a R$ 4.000/mês,195,1046,18.6424
2023-2024,R18,nivel,Júnior,faixa_salarial,Menos de R$ 1.000/mês,22,1046,2.1033
2023-2024,R18,nivel,Júnior,faixa_salarial,de R$ 2.001/mês a R$ 3.000/mês,211,1046,20.1721
2023-2024,R18,nivel,Júnior,faixa_salarial,de R$ 12.001/mês a R$ 16.000/mês,5,1046,0.478
2023-2024,R18,nivel,Júnior,faixa_salarial,de R$ 16.001/mês a R$ 20.000/mês,3,1046,0.2868
2023-2024,R18,nivel,Pleno,faixa_salarial,de R$ 12.001/mês a R$ 16.000/mês,80,1392,5.7471
2023-2024,R18,nivel,Pleno,faixa_salarial,de R$ 4.001/mês a R$ 6.000/mês,356,1392,25.5747
2023-2024,R18,nivel,Pleno,faixa_salarial,de R$ 1.001/mês a R$ 2.000/mês,16,1392,1.1494
2023-2024,R18,nivel,Pleno,faixa_salarial,de R$ 30.001/mês a R$ 40.000/mês,3,1392,0.2155
2023-2024,R18,nivel,Pleno,faixa_salarial,de R$ 8.001/mês a R$ 12.000/mês,351,1392,25.2155
2023-2024,R18,nivel,Pleno,faixa_salarial,de R$ 25.001/mês a R$ 30.000/mês,7,1392,0.5029
2023-2024,R18,nivel,Pleno,faixa_salarial,de R$ 2.001/mês a R$ 3.000/mês,52,1392,3.7356
2023-2024,R18,nivel,Pleno,faixa_salarial,Acima de R$ 40.001/mês,2,1392,0.1437
2023-2024,R18,nivel,Pleno,faixa_salarial,Menos de R$ 1.000/mês,3,1392,0.2155
2023-2024,R18,nivel,Pleno,faixa_salarial,de R$ 20.001/mês a R$ 25.000/mês,7,1392,0.5029
2023-2024,R18,nivel,Pleno,faixa_salarial,de R$ 6.001/mês a R$ 8.000/mês,369,1392,26.5086
2023-2024,R18,nivel,Pleno,faixa_salarial,de R$ 16.001/mês a R$ 20.000/mês,20,1392,1.4368
2023-2024,R18,nivel,Pleno,faixa_salarial,de R$ 3.001/mês a R$ 4.000/mês,126,1392,9.0517
2023-2024,R18,nivel,Sênior,faixa_salarial,de R$ 4.001/mês a R$ 6.000/mês,53,1419,3.735
2023-2024,R18,nivel,Sênior,faixa_salarial,de R$ 1.001/mês a R$ 2.000/mês,1,1419,0.0705
2023-2024,R18,nivel,Sênior,faixa_salarial,de R$ 8.001/mês a R$ 12.000/mês,506,1419,35.6589
2023-2024,R18,nivel,Sênior,faixa_salarial,de R$ 2.001/mês a R$ 3.000/mês,10,1419,0.7047
2023-2024,R18,nivel,Sênior,faixa_salarial,de R$ 30.001/mês a R$ 40.000/mês,33,1419,2.3256
2023-2024,R18,nivel,Sênior,faixa_salarial,de R$ 20.001/mês a R$ 25.000/mês,73,1419,5.1445
2023-2024,R18,nivel,Sênior,faixa_salarial,Acima de R$ 40.001/mês,26,1419,1.8323
2023-2024,R18,nivel,Sênior,faixa_salarial,de R$ 3.001/mês a R$ 4.000/mês,12,1419,0.8457
2023-2024,R18,nivel,Sênior,faixa_salarial,de R$ 6.001/mês a R$ 8.000/mês,133,1419,9.3728
2023-2024,R18,nivel,Sênior,faixa_salarial,de R$ 16.001/mês a R$ 20.000/mês,139,1419,9.7956
2023-2024,R18,nivel,Sênior,faixa_salarial,de R$ 12.001/mês a R$ 16.000/mês,393,1419,27.6956
2023-2024,R18,nivel,Sênior,faixa_salarial,de R$ 25.001/mês a R$ 30.000/mês,40,1419,2.8189
2024-2025,R18,nivel,Júnior,faixa_salarial,de R$ 3.001/mês a R$ 4.000/mês,156,868,17.9724
2024-2025,R18,nivel,Júnior,faixa_salarial,de R$ 6.001/mês a R$ 8.000/mês,88,868,10.1382
2024-2025,R18,nivel,Júnior,faixa_salarial,de R$ 4.001/mês a R$ 6.000/mês,218,868,25.1152
2024-2025,R18,nivel,Júnior,faixa_salarial,de R$ 8.001/mês a R$ 12.000/mês,40,868,4.6083
2024-2025,R18,nivel,Júnior,faixa_salarial,de R$ 12.001/mês a R$ 16.000/mês,5,868,0.576
2024-2025,R18,nivel,Júnior,faixa_salarial,Acima de R$ 40.001/mês,1,868,0.1152
2024-2025,R18,nivel,Júnior,faixa_salarial,de R$ 30.001/mês a R$ 40.000/mês,1,868,0.1152
2024-2025,R18,nivel,Júnior,faixa_salarial,de R$ 2.001/mês a R$ 3.000/mês,188,868,21.659
2024-2025,R18,nivel,Júnior,faixa_salarial,de R$ 16.001/mês a R$ 20.000/mês,2,868,0.2304
2024-2025,R18,nivel,Júnior,faixa_salarial,de R$ 25.001/mês a R$ 30.000/mês,2,868,0.2304
2024-2025,R18,nivel,Júnior,faixa_salarial,de R$ 1.001/mês a R$ 2.000/mês,140,868,16.129
2024-2025,R18,nivel,Júnior,faixa_salarial,Menos de R$ 1.000/mês,26,868,2.9954
2024-2025,R18,nivel,Júnior,faixa_salarial,de R$ 20.001/mês a R$ 25.000/mês,1,868,0.1152
2024-2025,R18,nivel,Pleno,faixa_salarial,de R$ 6.001/mês a R$ 8.000/mês,390,1376,28.343
2024-2025,R18,nivel,Pleno,faixa_salarial,de R$ 12.001/mês a R$ 16.000/mês,80,1376,5.814
2024-2025,R18,nivel,Pleno,faixa_salarial,de R$ 20.001/mês a R$ 25.000/mês,10,1376,0.7267
2024-2025,R18,nivel,Pleno,faixa_salarial,de R$ 16.001/mês a R$ 20.000/mês,24,1376,1.7442
2024-2025,R18,nivel,Pleno,faixa_salarial,de R$ 25.001/mês a R$ 30.000/mês,5,1376,0.3634
2024-2025,R18,nivel,Pleno,faixa_salarial,de R$ 3.001/mês a R$ 4.000/mês,88,1376,6.3953
2024-2025,R18,nivel,Pleno,faixa_salarial,de R$ 1.001/mês a R$ 2.000/mês,8,1376,0.5814
2024-2025,R18,nivel,Pleno,faixa_salarial,Menos de R$ 1.000/mês,3,1376,0.218
2024-2025,R18,nivel,Pleno,faixa_salarial,de R$ 4.001/mês a R$ 6.000/mês,311,1376,22.6017
2024-2025,R18,nivel,Pleno,faixa_salarial,de R$ 8.001/mês a R$ 12.000/mês,416,1376,30.2326
2024-2025,R18,nivel,Pleno,faixa_salarial,de R$ 2.001/mês a R$ 3.000/mês,32,1376,2.3256
2024-2025,R18,nivel,Pleno,faixa_salarial,de R$ 30.001/mês a R$ 40.000/mês,9,1376,0.6541
2024-2025,R18,nivel,Sênior,faixa_salarial,de R$ 30.001/mês a R$ 40.000/mês,51,1572,3.2443
2024-2025,R18,nivel,Sênior,faixa_salarial,de R$ 3.001/mês a R$ 4.000/mês,9,1572,0.5725
2024-2025,R18,nivel,Sênior,faixa_salarial,de R$ 16.001/mês a R$ 20.000/mês,225,1572,14.313
2024-2025,R18,nivel,Sênior,faixa_salarial,de R$ 12.001/mês a R$ 16.000/mês,452,1572,28.7532
2024-2025,R18,nivel,Sênior,faixa_salarial,de R$ 8.001/mês a R$ 12.000/mês,505,1572,32.1247
2024-2025,R18,nivel,Sênior,faixa_salarial,de R$ 6.001/mês a R$ 8.000/mês,121,1572,7.6972
2024-2025,R18,nivel,Sênior,faixa_salarial,Acima de R$ 40.001/mês,31,1572,1.972
2024-2025,R18,nivel,Sênior,faixa_salarial,de R$ 2.001/mês a R$ 3.000/mês,7,1572,0.4453
2024-2025,R18,nivel,Sênior,faixa_salarial,de R$ 4.001/mês a R$ 6.000/mês,37,1572,2.3537
2024-2025,R18,nivel,Sênior,faixa_salarial,de R$ 20.001/mês a R$ 25.000/mês,82,1572,5.2163
2024-2025,R18,nivel,Sênior,faixa_salarial,de R$ 25.001/mês a R$ 30.000/mês,51,1572,3.2443
2024-2025,R18,nivel,Sênior,faixa_salarial,Menos de R$ 1.000/mês,1,1572,0.0636
2025-2026,R18,nivel,Especialista/Staff+,faixa_salarial,Acima de R$ 40.001/mês,24,349,6.8768
2025-2026,R18,nivel,Especialista/Staff+,faixa_salarial,de R$ 16.001/mês a R$ 20.000/mês,80,349,22.9226
2025-2026,R18,nivel,Especialista/Staff+,faixa_salarial,de R$ 30.001/mês a R$ 40.000/mês,29,349,8.3095
2025-2026,R18,nivel,Especialista/Staff+,faixa_salarial,de R$ 25.001/mês a R$ 30.000/mês,23,349,6.5903
2025-2026,R18,nivel,Especialista/Staff+,faixa_salarial,de R$ 6.001/mês a R$ 8.000/mês,8,349,2.2923
2025-2026,R18,nivel,Especialista/Staff+,faixa_salarial,de R$ 20.001/mês a R$ 25.000/mês,45,349,12.894
2025-2026,R18,nivel,Especialista/Staff+,faixa_salarial,de R$ 4.001/mês a R$ 6.000/mês,2,349,0.5731
2025-2026,R18,nivel,Especialista/Staff+,faixa_salarial,de R$ 8.001/mês a R$ 12.000/mês,47,349,13.467
2025-2026,R18,nivel,Especialista/Staff+,faixa_salarial,de R$ 12.001/mês a R$ 16.000/mês,91,349,26.0745
2025-2026,R18,nivel,Júnior,faixa_salarial,Menos de R$ 1.000/mês,17,518,3.2819
2025-2026,R18,nivel,Júnior,faixa_salarial,de R$ 3.001/mês a R$ 4.000/mês,88,518,16.9884
2025-2026,R18,nivel,Júnior,faixa_salarial,de R$ 2.001/mês a R$ 3.000/mês,98,518,18.9189
2025-2026,R18,nivel,Júnior,faixa_salarial,de R$ 6.001/mês a R$ 8.000/mês,47,518,9.0734
2025-2026,R18,nivel,Júnior,faixa_salarial,de R$ 1.001/mês a R$ 2.000/mês,100,518,19.305
2025-2026,R18,nivel,Júnior,faixa_salarial,de R$ 12.001/mês a R$ 16.000/mês,7,518,1.3514
2025-2026,R18,nivel,Júnior,faixa_salarial,de R$ 20.001/mês a R$ 25.000/mês,1,518,0.1931
2025-2026,R18,nivel,Júnior,faixa_salarial,de R$ 4.001/mês a R$ 6.000/mês,122,518,23.5521
2025-2026,R18,nivel,Júnior,faixa_salarial,de R$ 8.001/mês a R$ 12.000/mês,38,518,7.3359
2025-2026,R18,nivel,Pleno,faixa_salarial,de R$ 2.001/mês a R$ 3.000/mês,20,775,2.5806
2025-2026,R18,nivel,Pleno,faixa_salarial,de R$ 12.001/mês a R$ 16.000/mês,63,775,8.129
2025-2026,R18,nivel,Pleno,faixa_salarial,de R$ 3.001/mês a R$ 4.000/mês,49,775,6.3226
2025-2026,R18,nivel,Pleno,faixa_salarial,de R$ 16.001/mês a R$ 20.000/mês,7,775,0.9032
2025-2026,R18,nivel,Pleno,faixa_salarial,de R$ 6.001/mês a R$ 8.000/mês,194,775,25.0323
2025-2026,R18,nivel,Pleno,faixa_salarial,de R$ 4.001/mês a R$ 6.000/mês,162,775,20.9032
2025-2026,R18,nivel,Pleno,faixa_salarial,de R$ 20.001/mês a R$ 25.000/mês,5,775,0.6452
2025-2026,R18,nivel,Pleno,faixa_salarial,Acima de R$ 40.001/mês,2,775,0.2581
2025-2026,R18,nivel,Pleno,faixa_salarial,de R$ 30.001/mês a R$ 40.000/mês,5,775,0.6452
2025-2026,R18,nivel,Pleno,faixa_salarial,de R$ 8.001/mês a R$ 12.000/mês,253,775,32.6452
2025-2026,R18,nivel,Pleno,faixa_salarial,de R$ 1.001/mês a R$ 2.000/mês,11,775,1.4194
2025-2026,R18,nivel,Pleno,faixa_salarial,de R$ 25.001/mês a R$ 30.000/mês,4,775,0.5161
2025-2026,R18,nivel,Sênior,faixa_salarial,de R$ 12.001/mês a R$ 16.000/mês,202,858,23.5431
2025-2026,R18,nivel,Sênior,faixa_salarial,de R$ 4.001/mês a R$ 6.000/mês,34,858,3.9627
2025-2026,R18,nivel,Sênior,faixa_salarial,de R$ 20.001/mês a R$ 25.000/mês,47,858,5.4779
2025-2026,R18,nivel,Sênior,faixa_salarial,Acima de R$ 40.001/mês,26,858,3.0303
2025-2026,R18,nivel,Sênior,faixa_salarial,de R$ 1.001/mês a R$ 2.000/mês,3,858,0.3497
2025-2026,R18,nivel,Sênior,faixa_salarial,de R$ 8.001/mês a R$ 12.000/mês,278,858,32.4009
2025-2026,R18,nivel,Sênior,faixa_salarial,de R$ 30.001/mês a R$ 40.000/mês,24,858,2.7972
2025-2026,R18,nivel,Sênior,faixa_salarial,de R$ 6.001/mês a R$ 8.000/mês,79,858,9.2075
2025-2026,R18,nivel,Sênior,faixa_salarial,de R$ 3.001/mês a R$ 4.000/mês,11,858,1.2821
2025-2026,R18,nivel,Sênior,faixa_salarial,de R$ 25.001/mês a R$ 30.000/mês,31,858,3.6131
2025-2026,R18,nivel,Sênior,faixa_salarial,de R$ 16.001/mês a R$ 20.000/mês,117,858,13.6364
2025-2026,R18,nivel,Sênior,faixa_salarial,de R$ 2.001/mês a R$ 3.000/mês,6,858,0.6993
2023-2024,R22,regiao_onde_mora,Centro-oeste,faixa_salarial,de R$ 6.001/mês a R$ 8.000/mês,39,304,12.8289
2023-2024,R22,regiao_onde_mora,Centro-oeste,faixa_salarial,de R$ 8.001/mês a R$ 12.000/mês,66,304,21.7105
2023-2024,R22,regiao_onde_mora,Centro-oeste,faixa_salarial,de R$ 25.001/mês a R$ 30.000/mês,9,304,2.9605
2023-2024,R22,regiao_onde_mora,Centro-oeste,faixa_salarial,de R$ 1.001/mês a R$ 2.000/mês,16,304,5.2632
2023-2024,R22,regiao_onde_mora,Centro-oeste,faixa_salarial,de R$ 30.001/mês a R$ 40.000/mês,5,304,1.6447
2023-2024,R22,regiao_onde_mora,Centro-oeste,faixa_salarial,Acima de R$ 40.001/mês,1,304,0.3289
2023-2024,R22,regiao_onde_mora,Centro-oeste,faixa_salarial,de R$ 4.001/mês a R$ 6.000/mês,45,304,14.8026
2023-2024,R22,regiao_onde_mora,Centro-oeste,faixa_salarial,de R$ 12.001/mês a R$ 16.000/mês,38,304,12.5
2023-2024,R22,regiao_onde_mora,Centro-oeste,faixa_salarial,de R$ 16.001/mês a R$ 20.000/mês,26,304,8.5526
2023-2024,R22,regiao_onde_mora,Centro-oeste,faixa_salarial,de R$ 2.001/mês a R$ 3.000/mês,24,304,7.8947
2023-2024,R22,regiao_onde_mora,Centro-oeste,faixa_salarial,de R$ 20.001/mês a R$ 25.000/mês,16,304,5.2632
2023-2024,R22,regiao_onde_mora,Centro-oeste,faixa_salarial,de R$ 3.001/mês a R$ 4.000/mês,19,304,6.25
2023-2024,R22,regiao_onde_mora,Nordeste,faixa_salarial,de R$ 8.001/mês a R$ 12.000/mês,98,501,19.5609
2023-2024,R22,regiao_onde_mora,Nordeste,faixa_salarial,de R$ 1.001/mês a R$ 2.000/mês,41,501,8.1836
2023-2024,R22,regiao_onde_mora,Nordeste,faixa_salarial,de R$ 12.001/mês a R$ 16.000/mês,60,501,11.976
2023-2024,R22,regiao_onde_mora,Nordeste,faixa_salarial,de R$ 16.001/mês a R$ 20.000/mês,19,501,3.7924
2023-2024,R22,regiao_onde_mora,Nordeste,faixa_salarial,de R$ 25.001/mês a R$ 30.000/mês,5,501,0.998
2023-2024,R22,regiao_onde_mora,Nordeste,faixa_salarial,de R$ 30.001/mês a R$ 40.000/mês,1,501,0.1996
2023-2024,R22,regiao_onde_mora,Nordeste,faixa_salarial,de R$ 3.001/mês a R$ 4.000/mês,54,501,10.7784
2023-2024,R22,regiao_onde_mora,Nordeste,faixa_salarial,Acima de R$ 40.001/mês,4,501,0.7984
2023-2024,R22,regiao_onde_mora,Nordeste,faixa_salarial,Menos de R$ 1.000/mês,7,501,1.3972
2023-2024,R22,regiao_onde_mora,Nordeste,faixa_salarial,de R$ 20.001/mês a R$ 25.000/mês,11,501,2.1956
2023-2024,R22,regiao_onde_mora,Nordeste,faixa_salarial,de R$ 2.001/mês a R$ 3.000/mês,44,501,8.7824
2023-2024,R22,regiao_onde_mora,Nordeste,faixa_salarial,de R$ 6.001/mês a R$ 8.000/mês,63,501,12.5749
2023-2024,R22,regiao_onde_mora,Nordeste,faixa_salarial,de R$ 4.001/mês a R$ 6.000/mês,94,501,18.7625
2023-2024,R22,regiao_onde_mora,Norte,faixa_salarial,de R$ 4.001/mês a R$ 6.000/mês,12,69,17.3913
2023-2024,R22,regiao_onde_mora,Norte,faixa_salarial,de R$ 8.001/mês a R$ 12.000/mês,17,69,24.6377
2023-2024,R22,regiao_onde_mora,Norte,faixa_salarial,de R$ 1.001/mês a R$ 2.000/mês,5,69,7.2464
2023-2024,R22,regiao_onde_mora,Norte,faixa_salarial,de R$ 6.001/mês a R$ 8.000/mês,14,69,20.2899
2023-2024,R22,regiao_onde_mora,Norte,faixa_salarial,de R$ 2.001/mês a R$ 3.000/mês,4,69,5.7971
2023-2024,R22,regiao_onde_mora,Norte,faixa_salarial,de R$ 20.001/mês a R$ 25.000/mês,1,69,1.4493
2023-2024,R22,regiao_onde_mora,Norte,faixa_salarial,de R$ 12.001/mês a R$ 16.000/mês,3,69,4.3478
2023-2024,R22,regiao_onde_mora,Norte,faixa_salarial,Menos de R$ 1.000/mês,2,69,2.8986
2023-2024,R22,regiao_onde_mora,Norte,faixa_salarial,de R$ 3.001/mês a R$ 4.000/mês,7,69,10.1449
2023-2024,R22,regiao_onde_mora,Norte,faixa_salarial,de R$ 16.001/mês a R$ 20.000/mês,1,69,1.4493
2023-2024,R22,regiao_onde_mora,Norte,faixa_salarial,de R$ 25.001/mês a R$ 30.000/mês,2,69,2.8986
2023-2024,R22,regiao_onde_mora,Norte,faixa_salarial,de R$ 30.001/mês a R$ 40.000/mês,1,69,1.4493
2023-2024,R22,regiao_onde_mora,Sudeste,faixa_salarial,de R$ 12.001/mês a R$ 16.000/mês,423,2890,14.6367
2023-2024,R22,regiao_onde_mora,Sudeste,faixa_salarial,de R$ 8.001/mês a R$ 12.000/mês,636,2890,22.0069
2023-2024,R22,regiao_onde_mora,Sudeste,faixa_salarial,de R$ 3.001/mês a R$ 4.000/mês,189,2890,6.5398
2023-2024,R22,regiao_onde_mora,Sudeste,faixa_salarial,de R$ 20.001/mês a R$ 25.000/mês,129,2890,4.4637
2023-2024,R22,regiao_onde_mora,Sudeste,faixa_salarial,de R$ 30.001/mês a R$ 40.000/mês,60,2890,2.0761
2023-2024,R22,regiao_onde_mora,Sudeste,faixa_salarial,de R$ 2.001/mês a R$ 3.000/mês,164,2890,5.6747
2023-2024,R22,regiao_onde_mora,Sudeste,faixa_salarial,de R$ 25.001/mês a R$ 30.000/mês,85,2890,2.9412
2023-2024,R22,regiao_onde_mora,Sudeste,faixa_salarial,de R$ 4.001/mês a R$ 6.000/mês,414,2890,14.3253
2023-2024,R22,regiao_onde_mora,Sudeste,faixa_salarial,Menos de R$ 1.000/mês,12,2890,0.4152
2023-2024,R22,regiao_onde_mora,Sudeste,faixa_salarial,de R$ 16.001/mês a R$ 20.000/mês,222,2890,7.6817
2023-2024,R22,regiao_onde_mora,Sudeste,faixa_salarial,de R$ 1.001/mês a R$ 2.000/mês,120,2890,4.1522
2023-2024,R22,regiao_onde_mora,Sudeste,faixa_salarial,Acima de R$ 40.001/mês,46,2890,1.5917
2023-2024,R22,regiao_onde_mora,Sudeste,faixa_salarial,de R$ 6.001/mês a R$ 8.000/mês,390,2890,13.4948
2023-2024,R22,regiao_onde_mora,Sul,faixa_salarial,de R$ 3.001/mês a R$ 4.000/mês,80,886,9.0293
2023-2024,R22,regiao_onde_mora,Sul,faixa_salarial,de R$ 6.001/mês a R$ 8.000/mês,123,886,13.8826
2023-2024,R22,regiao_onde_mora,Sul,faixa_salarial,de R$ 30.001/mês a R$ 40.000/mês,8,886,0.9029
2023-2024,R22,regiao_onde_mora,Sul,faixa_salarial,de R$ 16.001/mês a R$ 20.000/mês,47,886,5.3047
2023-2024,R22,regiao_onde_mora,Sul,faixa_salarial,de R$ 2.001/mês a R$ 3.000/mês,52,886,5.8691
2023-2024,R22,regiao_onde_mora,Sul,faixa_salarial,de R$ 20.001/mês a R$ 25.000/mês,30,886,3.386
2023-2024,R22,regiao_onde_mora,Sul,faixa_salarial,Acima de R$ 40.001/mês,11,886,1.2415
2023-2024,R22,regiao_onde_mora,Sul,faixa_salarial,Menos de R$ 1.000/mês,6,886,0.6772
2023-2024,R22,regiao_onde_mora,Sul,faixa_salarial,de R$ 12.001/mês a R$ 16.000/mês,113,886,12.754
2023-2024,R22,regiao_onde_mora,Sul,faixa_salarial,de R$ 4.001/mês a R$ 6.000/mês,175,886,19.7517
2023-2024,R22,regiao_onde_mora,Sul,faixa_salarial,de R$ 1.001/mês a R$ 2.000/mês,31,886,3.4989
2023-2024,R22,regiao_onde_mora,Sul,faixa_salarial,de R$ 8.001/mês a R$ 12.000/mês,194,886,21.8962
2023-2024,R22,regiao_onde_mora,Sul,faixa_salarial,de R$ 25.001/mês a R$ 30.000/mês,16,886,1.8059
2024-2025,R22,regiao_onde_mora,Centro-oeste,faixa_salarial,de R$ 2.001/mês a R$ 3.000/mês,22,300,7.3333
2024-2025,R22,regiao_onde_mora,Centro-oeste,faixa_salarial,de R$ 16.001/mês a R$ 20.000/mês,23,300,7.6667
2024-2025,R22,regiao_onde_mora,Centro-oeste,faixa_salarial,de R$ 30.001/mês a R$ 40.000/mês,10,300,3.3333
2024-2025,R22,regiao_onde_mora,Centro-oeste,faixa_salarial,de R$ 6.001/mês a R$ 8.000/mês,49,300,16.3333
2024-2025,R22,regiao_onde_mora,Centro-oeste,faixa_salarial,de R$ 12.001/mês a R$ 16.000/mês,38,300,12.6667
2024-2025,R22,regiao_onde_mora,Centro-oeste,faixa_salarial,de R$ 20.001/mês a R$ 25.000/mês,14,300,4.6667
2024-2025,R22,regiao_onde_mora,Centro-oeste,faixa_salarial,de R$ 4.001/mês a R$ 6.000/mês,49,300,16.3333
2024-2025,R22,regiao_onde_mora,Centro-oeste,faixa_salarial,Menos de R$ 1.000/mês,6,300,2.0
2024-2025,R22,regiao_onde_mora,Centro-oeste,faixa_salarial,de R$ 1.001/mês a R$ 2.000/mês,17,300,5.6667
2024-2025,R22,regiao_onde_mora,Centro-oeste,faixa_salarial,de R$ 3.001/mês a R$ 4.000/mês,17,300,5.6667
2024-2025,R22,regiao_onde_mora,Centro-oeste,faixa_salarial,de R$ 8.001/mês a R$ 12.000/mês,46,300,15.3333
2024-2025,R22,regiao_onde_mora,Centro-oeste,faixa_salarial,de R$ 25.001/mês a R$ 30.000/mês,9,300,3.0
2024-2025,R22,regiao_onde_mora,Nordeste,faixa_salarial,de R$ 12.001/mês a R$ 16.000/mês,59,447,13.1991
2024-2025,R22,regiao_onde_mora,Nordeste,faixa_salarial,de R$ 16.001/mês a R$ 20.000/mês,32,447,7.1588
2024-2025,R22,regiao_onde_mora,Nordeste,faixa_salarial,Acima de R$ 40.001/mês,8,447,1.7897
2024-2025,R22,regiao_onde_mora,Nordeste,faixa_salarial,de R$ 6.001/mês a R$ 8.000/mês,66,447,14.7651
2024-2025,R22,regiao_onde_mora,Nordeste,faixa_salarial,de R$ 1.001/mês a R$ 2.000/mês,35,447,7.83
2024-2025,R22,regiao_onde_mora,Nordeste,faixa_salarial,de R$ 8.001/mês a R$ 12.000/mês,88,447,19.6868
2024-2025,R22,regiao_onde_mora,Nordeste,faixa_salarial,de R$ 2.001/mês a R$ 3.000/mês,31,447,6.9351
2024-2025,R22,regiao_onde_mora,Nordeste,faixa_salarial,de R$ 20.001/mês a R$ 25.000/mês,7,447,1.566
2024-2025,R22,regiao_onde_mora,Nordeste,faixa_salarial,de R$ 30.001/mês a R$ 40.000/mês,8,447,1.7897
2024-2025,R22,regiao_onde_mora,Nordeste,faixa_salarial,de R$ 25.001/mês a R$ 30.000/mês,9,447,2.0134
2024-2025,R22,regiao_onde_mora,Nordeste,faixa_salarial,de R$ 4.001/mês a R$ 6.000/mês,68,447,15.2125
2024-2025,R22,regiao_onde_mora,Nordeste,faixa_salarial,de R$ 3.001/mês a R$ 4.000/mês,26,447,5.8166
2024-2025,R22,regiao_onde_mora,Nordeste,faixa_salarial,Menos de R$ 1.000/mês,10,447,2.2371
2024-2025,R22,regiao_onde_mora,Norte,faixa_salarial,de R$ 16.001/mês a R$ 20.000/mês,4,57,7.0175
2024-2025,R22,regiao_onde_mora,Norte,faixa_salarial,de R$ 6.001/mês a R$ 8.000/mês,6,57,10.5263
2024-2025,R22,regiao_onde_mora,Norte,faixa_salarial,de R$ 1.001/mês a R$ 2.000/mês,4,57,7.0175
2024-2025,R22,regiao_onde_mora,Norte,faixa_salarial,de R$ 4.001/mês a R$ 6.000/mês,5,57,8.7719
2024-2025,R22,regiao_onde_mora,Norte,faixa_salarial,de R$ 25.001/mês a R$ 30.000/mês,1,57,1.7544
2024-2025,R22,regiao_onde_mora,Norte,faixa_salarial,de R$ 20.001/mês a R$ 25.000/mês,1,57,1.7544
2024-2025,R22,regiao_onde_mora,Norte,faixa_salarial,de R$ 30.001/mês a R$ 40.000/mês,1,57,1.7544
2024-2025,R22,regiao_onde_mora,Norte,faixa_salarial,de R$ 2.001/mês a R$ 3.000/mês,7,57,12.2807
2024-2025,R22,regiao_onde_mora,Norte,faixa_salarial,Menos de R$ 1.000/mês,1,57,1.7544
2024-2025,R22,regiao_onde_mora,Norte,faixa_salarial,de R$ 12.001/mês a R$ 16.000/mês,6,57,10.5263
2024-2025,R22,regiao_onde_mora,Norte,faixa_salarial,de R$ 3.001/mês a R$ 4.000/mês,7,57,12.2807
2024-2025,R22,regiao_onde_mora,Norte,faixa_salarial,de R$ 8.001/mês a R$ 12.000/mês,14,57,24.5614
2024-2025,R22,regiao_onde_mora,Sudeste,faixa_salarial,de R$ 8.001/mês a R$ 12.000/mês,685,2939,23.3072
2024-2025,R22,regiao_onde_mora,Sudeste,faixa_salarial,de R$ 3.001/mês a R$ 4.000/mês,145,2939,4.9337
2024-2025,R22,regiao_onde_mora,Sudeste,faixa_salarial,de R$ 16.001/mês a R$ 20.000/mês,302,2939,10.2756
2024-2025,R22,regiao_onde_mora,Sudeste,faixa_salarial,de R$ 20.001/mês a R$ 25.000/mês,166,2939,5.6482
2024-2025,R22,regiao_onde_mora,Sudeste,faixa_salarial,de R$ 30.001/mês a R$ 40.000/mês,106,2939,3.6067
2024-2025,R22,regiao_onde_mora,Sudeste,faixa_salarial,Menos de R$ 1.000/mês,10,2939,0.3403
2024-2025,R22,regiao_onde_mora,Sudeste,faixa_salarial,de R$ 4.001/mês a R$ 6.000/mês,317,2939,10.786
2024-2025,R22,regiao_onde_mora,Sudeste,faixa_salarial,de R$ 6.001/mês a R$ 8.000/mês,373,2939,12.6914
2024-2025,R22,regiao_onde_mora,Sudeste,faixa_salarial,de R$ 12.001/mês a R$ 16.000/mês,458,2939,15.5835
2024-2025,R22,regiao_onde_mora,Sudeste,faixa_salarial,de R$ 25.001/mês a R$ 30.000/mês,111,2939,3.7768
2024-2025,R22,regiao_onde_mora,Sudeste,faixa_salarial,de R$ 2.001/mês a R$ 3.000/mês,119,2939,4.049
2024-2025,R22,regiao_onde_mora,Sudeste,faixa_salarial,Acima de R$ 40.001/mês,67,2939,2.2797
2024-2025,R22,regiao_onde_mora,Sudeste,faixa_salarial,de R$ 1.001/mês a R$ 2.000/mês,80,2939,2.722
2024-2025,R22,regiao_onde_mora,Sul,faixa_salarial,de R$ 3.001/mês a R$ 4.000/mês,73,988,7.3887
2024-2025,R22,regiao_onde_mora,Sul,faixa_salarial,Acima de R$ 40.001/mês,13,988,1.3158
2024-2025,R22,regiao_onde_mora,Sul,faixa_salarial,de R$ 12.001/mês a R$ 16.000/mês,146,988,14.7773
2024-2025,R22,regiao_onde_mora,Sul,faixa_salarial,de R$ 20.001/mês a R$ 25.000/mês,36,988,3.6437
2024-2025,R22,regiao_onde_mora,Sul,faixa_salarial,de R$ 1.001/mês a R$ 2.000/mês,19,988,1.9231
2024-2025,R22,regiao_onde_mora,Sul,faixa_salarial,Menos de R$ 1.000/mês,5,988,0.5061
2024-2025,R22,regiao_onde_mora,Sul,faixa_salarial,de R$ 6.001/mês a R$ 8.000/mês,150,988,15.1822
2024-2025,R22,regiao_onde_mora,Sul,faixa_salarial,de R$ 8.001/mês a R$ 12.000/mês,232,988,23.4818
2024-2025,R22,regiao_onde_mora,Sul,faixa_salarial,de R$ 25.001/mês a R$ 30.000/mês,15,988,1.5182
2024-2025,R22,regiao_onde_mora,Sul,faixa_salarial,de R$ 2.001/mês a R$ 3.000/mês,56,988,5.668
2024-2025,R22,regiao_onde_mora,Sul,faixa_salarial,de R$ 16.001/mês a R$ 20.000/mês,78,988,7.8947
2024-2025,R22,regiao_onde_mora,Sul,faixa_salarial,de R$ 4.001/mês a R$ 6.000/mês,150,988,15.1822
2024-2025,R22,regiao_onde_mora,Sul,faixa_salarial,de R$ 30.001/mês a R$ 40.000/mês,15,988,1.5182
2025-2026,R22,regiao_onde_mora,Centro-oeste,faixa_salarial,de R$ 2.001/mês a R$ 3.000/mês,8,221,3.6199
2025-2026,R22,regiao_onde_mora,Centro-oeste,faixa_salarial,de R$ 16.001/mês a R$ 20.000/mês,16,221,7.2398
2025-2026,R22,regiao_onde_mora,Centro-oeste,faixa_salarial,de R$ 30.001/mês a R$ 40.000/mês,5,221,2.2624
2025-2026,R22,regiao_onde_mora,Centro-oeste,faixa_salarial,de R$ 3.001/mês a R$ 4.000/mês,14,221,6.3348
2025-2026,R22,regiao_onde_mora,Centro-oeste,faixa_salarial,de R$ 25.001/mês a R$ 30.000/mês,10,221,4.5249
2025-2026,R22,regiao_onde_mora,Centro-oeste,faixa_salarial,de R$ 8.001/mês a R$ 12.000/mês,53,221,23.9819
2025-2026,R22,regiao_onde_mora,Centro-oeste,faixa_salarial,de R$ 20.001/mês a R$ 25.000/mês,19,221,8.5973
2025-2026,R22,regiao_onde_mora,Centro-oeste,faixa_salarial,de R$ 6.001/mês a R$ 8.000/mês,22,221,9.9548
2025-2026,R22,regiao_onde_mora,Centro-oeste,faixa_salarial,de R$ 4.001/mês a R$ 6.000/mês,30,221,13.5747
2025-2026,R22,regiao_onde_mora,Centro-oeste,faixa_salarial,Menos de R$ 1.000/mês,2,221,0.905
2025-2026,R22,regiao_onde_mora,Centro-oeste,faixa_salarial,Acima de R$ 40.001/mês,9,221,4.0724
2025-2026,R22,regiao_onde_mora,Centro-oeste,faixa_salarial,de R$ 12.001/mês a R$ 16.000/mês,25,221,11.3122
2025-2026,R22,regiao_onde_mora,Centro-oeste,faixa_salarial,de R$ 1.001/mês a R$ 2.000/mês,8,221,3.6199
2025-2026,R22,regiao_onde_mora,Nordeste,faixa_salarial,de R$ 4.001/mês a R$ 6.000/mês,40,329,12.1581
2025-2026,R22,regiao_onde_mora,Nordeste,faixa_salarial,de R$ 12.001/mês a R$ 16.000/mês,52,329,15.8055
2025-2026,R22,regiao_onde_mora,Nordeste,faixa_salarial,de R$ 8.001/mês a R$ 12.000/mês,75,329,22.7964
2025-2026,R22,regiao_onde_mora,Nordeste,faixa_salarial,Acima de R$ 40.001/mês,7,329,2.1277
2025-2026,R22,regiao_onde_mora,Nordeste,faixa_salarial,de R$ 3.001/mês a R$ 4.000/mês,19,329,5.7751
2025-2026,R22,regiao_onde_mora,Nordeste,faixa_salarial,de R$ 20.001/mês a R$ 25.000/mês,14,329,4.2553
2025-2026,R22,regiao_onde_mora,Nordeste,faixa_salarial,de R$ 25.001/mês a R$ 30.000/mês,6,329,1.8237
2025-2026,R22,regiao_onde_mora,Nordeste,faixa_salarial,Menos de R$ 1.000/mês,3,329,0.9119
2025-2026,R22,regiao_onde_mora,Nordeste,faixa_salarial,de R$ 1.001/mês a R$ 2.000/mês,23,329,6.9909
2025-2026,R22,regiao_onde_mora,Nordeste,faixa_salarial,de R$ 2.001/mês a R$ 3.000/mês,22,329,6.6869
2025-2026,R22,regiao_onde_mora,Nordeste,faixa_salarial,de R$ 16.001/mês a R$ 20.000/mês,24,329,7.2948
2025-2026,R22,regiao_onde_mora,Nordeste,faixa_salarial,de R$ 6.001/mês a R$ 8.000/mês,43,329,13.0699
2025-2026,R22,regiao_onde_mora,Nordeste,faixa_salarial,de R$ 30.001/mês a R$ 40.000/mês,1,329,0.304
2025-2026,R22,regiao_onde_mora,Norte,faixa_salarial,de R$ 6.001/mês a R$ 8.000/mês,4,36,11.1111
2025-2026,R22,regiao_onde_mora,Norte,faixa_salarial,de R$ 4.001/mês a R$ 6.000/mês,2,36,5.5556
2025-2026,R22,regiao_onde_mora,Norte,faixa_salarial,de R$ 12.001/mês a R$ 16.000/mês,5,36,13.8889
2025-2026,R22,regiao_onde_mora,Norte,faixa_salarial,de R$ 8.001/mês a R$ 12.000/mês,4,36,11.1111
2025-2026,R22,regiao_onde_mora,Norte,faixa_salarial,de R$ 16.001/mês a R$ 20.000/mês,5,36,13.8889
2025-2026,R22,regiao_onde_mora,Norte,faixa_salarial,de R$ 30.001/mês a R$ 40.000/mês,1,36,2.7778
2025-2026,R22,regiao_onde_mora,Norte,faixa_salarial,de R$ 1.001/mês a R$ 2.000/mês,1,36,2.7778
2025-2026,R22,regiao_onde_mora,Norte,faixa_salarial,Menos de R$ 1.000/mês,3,36,8.3333
2025-2026,R22,regiao_onde_mora,Norte,faixa_salarial,Acima de R$ 40.001/mês,2,36,5.5556
2025-2026,R22,regiao_onde_mora,Norte,faixa_salarial,de R$ 25.001/mês a R$ 30.000/mês,1,36,2.7778
2025-2026,R22,regiao_onde_mora,Norte,faixa_salarial,de R$ 20.001/mês a R$ 25.000/mês,2,36,5.5556
2025-2026,R22,regiao_onde_mora,Norte,faixa_salarial,de R$ 2.001/mês a R$ 3.000/mês,3,36,8.3333
2025-2026,R22,regiao_onde_mora,Norte,faixa_salarial,de R$ 3.001/mês a R$ 4.000/mês,3,36,8.3333
2025-2026,R22,regiao_onde_mora,Sudeste,faixa_salarial,de R$ 4.001/mês a R$ 6.000/mês,209,2024,10.3261
2025-2026,R22,regiao_onde_mora,Sudeste,faixa_salarial,de R$ 12.001/mês a R$ 16.000/mês,299,2024,14.7727
2025-2026,R22,regiao_onde_mora,Sudeste,faixa_salarial,de R$ 6.001/mês a R$ 8.000/mês,217,2024,10.7213
2025-2026,R22,regiao_onde_mora,Sudeste,faixa_salarial,de R$ 20.001/mês a R$ 25.000/mês,146,2024,7.2134
2025-2026,R22,regiao_onde_mora,Sudeste,faixa_salarial,de R$ 30.001/mês a R$ 40.000/mês,79,2024,3.9032
2025-2026,R22,regiao_onde_mora,Sudeste,faixa_salarial,Menos de R$ 1.000/mês,8,2024,0.3953
2025-2026,R22,regiao_onde_mora,Sudeste,faixa_salarial,Acima de R$ 40.001/mês,63,2024,3.1126
2025-2026,R22,regiao_onde_mora,Sudeste,faixa_salarial,de R$ 16.001/mês a R$ 20.000/mês,221,2024,10.919
2025-2026,R22,regiao_onde_mora,Sudeste,faixa_salarial,de R$ 3.001/mês a R$ 4.000/mês,87,2024,4.2984
2025-2026,R22,regiao_onde_mora,Sudeste,faixa_salarial,de R$ 2.001/mês a R$ 3.000/mês,81,2024,4.002
2025-2026,R22,regiao_onde_mora,Sudeste,faixa_salarial,de R$ 8.001/mês a R$ 12.000/mês,455,2024,22.4802
2025-2026,R22,regiao_onde_mora,Sudeste,faixa_salarial,de R$ 25.001/mês a R$ 30.000/mês,96,2024,4.7431
2025-2026,R22,regiao_onde_mora,Sudeste,faixa_salarial,de R$ 1.001/mês a R$ 2.000/mês,63,2024,3.1126
2025-2026,R22,regiao_onde_mora,Sul,faixa_salarial,de R$ 25.001/mês a R$ 30.000/mês,15,510,2.9412
2025-2026,R22,regiao_onde_mora,Sul,faixa_salarial,de R$ 12.001/mês a R$ 16.000/mês,84,510,16.4706
2025-2026,R22,regiao_onde_mora,Sul,faixa_salarial,de R$ 4.001/mês a R$ 6.000/mês,58,510,11.3725
2025-2026,R22,regiao_onde_mora,Sul,faixa_salarial,de R$ 16.001/mês a R$ 20.000/mês,45,510,8.8235
2025-2026,R22,regiao_onde_mora,Sul,faixa_salarial,de R$ 2.001/mês a R$ 3.000/mês,15,510,2.9412
2025-2026,R22,regiao_onde_mora,Sul,faixa_salarial,de R$ 6.001/mês a R$ 8.000/mês,74,510,14.5098
2025-2026,R22,regiao_onde_mora,Sul,faixa_salarial,de R$ 1.001/mês a R$ 2.000/mês,20,510,3.9216
2025-2026,R22,regiao_onde_mora,Sul,faixa_salarial,Menos de R$ 1.000/mês,2,510,0.3922
2025-2026,R22,regiao_onde_mora,Sul,faixa_salarial,Acima de R$ 40.001/mês,15,510,2.9412
2025-2026,R22,regiao_onde_mora,Sul,faixa_salarial,de R$ 8.001/mês a R$ 12.000/mês,108,510,21.1765
2025-2026,R22,regiao_onde_mora,Sul,faixa_salarial,de R$ 3.001/mês a R$ 4.000/mês,34,510,6.6667
2025-2026,R22,regiao_onde_mora,Sul,faixa_salarial,de R$ 20.001/mês a R$ 25.000/mês,25,510,4.902
2025-2026,R22,regiao_onde_mora,Sul,faixa_salarial,de R$ 30.001/mês a R$ 40.000/mês,15,510,2.9412
2023-2024,R22,regiao_onde_mora,Centro-oeste,modelo_trabalho,Modelo 100% presencial,111,304,36.5132
2023-2024,R22,regiao_onde_mora,Centro-oeste,modelo_trabalho,Modelo híbrido com dias fixos de trabalho presencial,37,304,12.1711
2023-2024,R22,regiao_onde_mora,Centro-oeste,modelo_trabalho,Modelo híbrido flexível (o funcionário tem liberdade para escolher quando estar no escritório presencialmente),29,304,9.5395
2023-2024,R22,regiao_onde_mora,Centro-oeste,modelo_trabalho,Modelo 100% remoto,127,304,41.7763
2023-2024,R22,regiao_onde_mora,Nordeste,modelo_trabalho,Modelo híbrido com dias fixos de trabalho presencial,46,501,9.1816
2023-2024,R22,regiao_onde_mora,Nordeste,modelo_trabalho,Modelo 100% remoto,298,501,59.481
2023-2024,R22,regiao_onde_mora,Nordeste,modelo_trabalho,Modelo 100% presencial,115,501,22.9541
2023-2024,R22,regiao_onde_mora,Nordeste,modelo_trabalho,Modelo híbrido flexível (o funcionário tem liberdade para escolher quando estar no escritório presencialmente),42,501,8.3832
2023-2024,R22,regiao_onde_mora,Norte,modelo_trabalho,Modelo 100% presencial,23,69,33.3333
2023-2024,R22,regiao_onde_mora,Norte,modelo_trabalho,Modelo híbrido com dias fixos de trabalho presencial,6,69,8.6957
2023-2024,R22,regiao_onde_mora,Norte,modelo_trabalho,Modelo 100% remoto,32,69,46.3768
2023-2024,R22,regiao_onde_mora,Norte,modelo_trabalho,Modelo híbrido flexível (o funcionário tem liberdade para escolher quando estar no escritório presencialmente),8,69,11.5942
2023-2024,R22,regiao_onde_mora,Sudeste,modelo_trabalho,Modelo híbrido com dias fixos de trabalho presencial,571,2890,19.7578
2023-2024,R22,regiao_onde_mora,Sudeste,modelo_trabalho,Modelo híbrido flexível (o funcionário tem liberdade para escolher quando estar no escritório presencialmente),706,2890,24.4291
2023-2024,R22,regiao_onde_mora,Sudeste,modelo_trabalho,Modelo 100% remoto,1249,2890,43.218
2023-2024,R22,regiao_onde_mora,Sudeste,modelo_trabalho,Modelo 100% presencial,364,2890,12.5952
2023-2024,R22,regiao_onde_mora,Sul,modelo_trabalho,Modelo híbrido flexível (o funcionário tem liberdade para escolher quando estar no escritório presencialmente),157,886,17.7201
2023-2024,R22,regiao_onde_mora,Sul,modelo_trabalho,Modelo 100% presencial,169,886,19.0745
2023-2024,R22,regiao_onde_mora,Sul,modelo_trabalho,Modelo 100% remoto,446,886,50.3386
2023-2024,R22,regiao_onde_mora,Sul,modelo_trabalho,Modelo híbrido com dias fixos de trabalho presencial,114,886,12.8668
2024-2025,R22,regiao_onde_mora,Centro-oeste,modelo_trabalho,Modelo 100% presencial,104,300,34.6667
2024-2025,R22,regiao_onde_mora,Centro-oeste,modelo_trabalho,Modelo 100% remoto,122,300,40.6667
2024-2025,R22,regiao_onde_mora,Centro-oeste,modelo_trabalho,Modelo híbrido flexível (o funcionário tem liberdade para escolher quando estar no escritório presencialmente),37,300,12.3333
2024-2025,R22,regiao_onde_mora,Centro-oeste,modelo_trabalho,Modelo híbrido com dias fixos de trabalho presencial,37,300,12.3333
2024-2025,R22,regiao_onde_mora,Nordeste,modelo_trabalho,Modelo 100% remoto,256,447,57.2707
2024-2025,R22,regiao_onde_mora,Nordeste,modelo_trabalho,Modelo híbrido com dias fixos de trabalho presencial,43,447,9.6197
2024-2025,R22,regiao_onde_mora,Nordeste,modelo_trabalho,Modelo 100% presencial,111,447,24.8322
2024-2025,R22,regiao_onde_mora,Nordeste,modelo_trabalho,Modelo híbrido flexível (o funcionário tem liberdade para escolher quando estar no escritório presencialmente),37,447,8.2774
2024-2025,R22,regiao_onde_mora,Norte,modelo_trabalho,Modelo híbrido flexível (o funcionário tem liberdade para escolher quando estar no escritório presencialmente),3,57,5.2632
2024-2025,R22,regiao_onde_mora,Norte,modelo_trabalho,Modelo 100% presencial,19,57,33.3333
2024-2025,R22,regiao_onde_mora,Norte,modelo_trabalho,Modelo 100% remoto,30,57,52.6316
2024-2025,R22,regiao_onde_mora,Norte,modelo_trabalho,Modelo híbrido com dias fixos de trabalho presencial,5,57,8.7719
2024-2025,R22,regiao_onde_mora,Sudeste,modelo_trabalho,Modelo híbrido flexível (o funcionário tem liberdade para escolher quando estar no escritório presencialmente),727,2939,24.7363
2024-2025,R22,regiao_onde_mora,Sudeste,modelo_trabalho,Modelo híbrido com dias fixos de trabalho presencial,606,2939,20.6193
2024-2025,R22,regiao_onde_mora,Sudeste,modelo_trabalho,Modelo 100% remoto,1257,2939,42.7696
2024-2025,R22,regiao_onde_mora,Sudeste,modelo_trabalho,Modelo 100% presencial,349,2939,11.8748
2024-2025,R22,regiao_onde_mora,Sul,modelo_trabalho,Modelo híbrido flexível (o funcionário tem liberdade para escolher quando estar no escritório presencialmente),166,988,16.8016
2024-2025,R22,regiao_onde_mora,Sul,modelo_trabalho,Modelo 100% remoto,489,988,49.4939
2024-2025,R22,regiao_onde_mora,Sul,modelo_trabalho,Modelo híbrido com dias fixos de trabalho presencial,135,988,13.664
2024-2025,R22,regiao_onde_mora,Sul,modelo_trabalho,Modelo 100% presencial,198,988,20.0405
2025-2026,R22,regiao_onde_mora,Centro-oeste,modelo_trabalho,Modelo híbrido flexível (o funcionário tem liberdade para escolher quando estar no escritório presencialmente),30,221,13.5747
2025-2026,R22,regiao_onde_mora,Centro-oeste,modelo_trabalho,Modelo 100% presencial,85,221,38.4615
2025-2026,R22,regiao_onde_mora,Centro-oeste,modelo_trabalho,Modelo 100% remoto,73,221,33.0317
2025-2026,R22,regiao_onde_mora,Centro-oeste,modelo_trabalho,Modelo híbrido com dias fixos de trabalho presencial,33,221,14.9321
2025-2026,R22,regiao_onde_mora,Nordeste,modelo_trabalho,Modelo híbrido flexível (o funcionário tem liberdade para escolher quando estar no escritório presencialmente),34,329,10.3343
2025-2026,R22,regiao_onde_mora,Nordeste,modelo_trabalho,Modelo híbrido com dias fixos de trabalho presencial,36,329,10.9422
2025-2026,R22,regiao_onde_mora,Nordeste,modelo_trabalho,Modelo 100% remoto,173,329,52.5836
2025-2026,R22,regiao_onde_mora,Nordeste,modelo_trabalho,Modelo 100% presencial,86,329,26.1398
2025-2026,R22,regiao_onde_mora,Norte,modelo_trabalho,Modelo 100% remoto,21,36,58.3333
2025-2026,R22,regiao_onde_mora,Norte,modelo_trabalho,Modelo 100% presencial,10,36,27.7778
2025-2026,R22,regiao_onde_mora,Norte,modelo_trabalho,Modelo híbrido flexível (o funcionário tem liberdade para escolher quando estar no escritório presencialmente),3,36,8.3333
2025-2026,R22,regiao_onde_mora,Norte,modelo_trabalho,Modelo híbrido com dias fixos de trabalho presencial,2,36,5.5556
2025-2026,R22,regiao_onde_mora,Sudeste,modelo_trabalho,Modelo 100% presencial,351,2024,17.3419
2025-2026,R22,regiao_onde_mora,Sudeste,modelo_trabalho,Modelo 100% remoto,744,2024,36.7589
2025-2026,R22,regiao_onde_mora,Sudeste,modelo_trabalho,Modelo híbrido flexível (o funcionário tem liberdade para escolher quando estar no escritório presencialmente),459,2024,22.6779
2025-2026,R22,regiao_onde_mora,Sudeste,modelo_trabalho,Modelo híbrido com dias fixos de trabalho presencial,470,2024,23.2213
2025-2026,R22,regiao_onde_mora,Sul,modelo_trabalho,Modelo híbrido com dias fixos de trabalho presencial,78,510,15.2941
2025-2026,R22,regiao_onde_mora,Sul,modelo_trabalho,Modelo 100% remoto,238,510,46.6667
2025-2026,R22,regiao_onde_mora,Sul,modelo_trabalho,Modelo híbrido flexível (o funcionário tem liberdade para escolher quando estar no escritório presencialmente),77,510,15.098
2025-2026,R22,regiao_onde_mora,Sul,modelo_trabalho,Modelo 100% presencial,117,510,22.9412
2023-2024,R22,nivel,Júnior,modelo_trabalho,Modelo 100% presencial,283,1046,27.0554
2023-2024,R22,nivel,Júnior,modelo_trabalho,Modelo 100% remoto,395,1046,37.7629
2023-2024,R22,nivel,Júnior,modelo_trabalho,Modelo híbrido flexível (o funcionário tem liberdade para escolher quando estar no escritório presencialmente),182,1046,17.3996
2023-2024,R22,nivel,Júnior,modelo_trabalho,Modelo híbrido com dias fixos de trabalho presencial,186,1046,17.782
2023-2024,R22,nivel,Pleno,modelo_trabalho,Modelo híbrido flexível (o funcionário tem liberdade para escolher quando estar no escritório presencialmente),257,1392,18.4626
2023-2024,R22,nivel,Pleno,modelo_trabalho,Modelo 100% remoto,673,1392,48.3477
2023-2024,R22,nivel,Pleno,modelo_trabalho,Modelo 100% presencial,224,1392,16.092
2023-2024,R22,nivel,Pleno,modelo_trabalho,Modelo híbrido com dias fixos de trabalho presencial,238,1392,17.0977
2023-2024,R22,nivel,Sênior,modelo_trabalho,Modelo 100% remoto,796,1419,56.0958
2023-2024,R22,nivel,Sênior,modelo_trabalho,Modelo 100% presencial,128,1419,9.0204
2023-2024,R22,nivel,Sênior,modelo_trabalho,Modelo híbrido flexível (o funcionário tem liberdade para escolher quando estar no escritório presencialmente),289,1419,20.3665
2023-2024,R22,nivel,Sênior,modelo_trabalho,Modelo híbrido com dias fixos de trabalho presencial,206,1419,14.5173
2024-2025,R22,nivel,Júnior,modelo_trabalho,Modelo 100% remoto,301,868,34.6774
2024-2025,R22,nivel,Júnior,modelo_trabalho,Modelo híbrido com dias fixos de trabalho presencial,146,868,16.8203
2024-2025,R22,nivel,Júnior,modelo_trabalho,Modelo híbrido flexível (o funcionário tem liberdade para escolher quando estar no escritório presencialmente),146,868,16.8203
2024-2025,R22,nivel,Júnior,modelo_trabalho,Modelo 100% presencial,275,868,31.682
2024-2025,R22,nivel,Pleno,modelo_trabalho,Modelo 100% presencial,227,1376,16.4971
2024-2025,R22,nivel,Pleno,modelo_trabalho,Modelo 100% remoto,654,1376,47.5291
2024-2025,R22,nivel,Pleno,modelo_trabalho,Modelo híbrido flexível (o funcionário tem liberdade para escolher quando estar no escritório presencialmente),238,1376,17.2965
2024-2025,R22,nivel,Pleno,modelo_trabalho,Modelo híbrido com dias fixos de trabalho presencial,257,1376,18.6773
2024-2025,R22,nivel,Sênior,modelo_trabalho,Modelo híbrido com dias fixos de trabalho presencial,247,1572,15.7125
2024-2025,R22,nivel,Sênior,modelo_trabalho,Modelo híbrido flexível (o funcionário tem liberdade para escolher quando estar no escritório presencialmente),302,1572,19.2112
2024-2025,R22,nivel,Sênior,modelo_trabalho,Modelo 100% remoto,906,1572,57.6336
2024-2025,R22,nivel,Sênior,modelo_trabalho,Modelo 100% presencial,117,1572,7.4427
2025-2026,R22,nivel,Especialista/Staff+,modelo_trabalho,Modelo híbrido flexível (o funcionário tem liberdade para escolher quando estar no escritório presencialmente),73,349,20.9169
2025-2026,R22,nivel,Especialista/Staff+,modelo_trabalho,Modelo 100% remoto,180,349,51.5759
2025-2026,R22,nivel,Especialista/Staff+,modelo_trabalho,Modelo híbrido com dias fixos de trabalho presencial,64,349,18.3381
2025-2026,R22,nivel,Especialista/Staff+,modelo_trabalho,Modelo 100% presencial,32,349,9.1691
2025-2026,R22,nivel,Júnior,modelo_trabalho,Modelo 100% presencial,190,518,36.6795
2025-2026,R22,nivel,Júnior,modelo_trabalho,Modelo híbrido com dias fixos de trabalho presencial,114,518,22.0077
2025-2026,R22,nivel,Júnior,modelo_trabalho,Modelo 100% remoto,134,518,25.8687
2025-2026,R22,nivel,Júnior,modelo_trabalho,Modelo híbrido flexível (o funcionário tem liberdade para escolher quando estar no escritório presencialmente),80,518,15.444
2025-2026,R22,nivel,Pleno,modelo_trabalho,Modelo 100% presencial,176,775,22.7097
2025-2026,R22,nivel,Pleno,modelo_trabalho,Modelo 100% remoto,309,775,39.871
2025-2026,R22,nivel,Pleno,modelo_trabalho,Modelo híbrido flexível (o funcionário tem liberdade para escolher quando estar no escritório presencialmente),143,775,18.4516
2025-2026,R22,nivel,Pleno,modelo_trabalho,Modelo híbrido com dias fixos de trabalho presencial,147,775,18.9677
2025-2026,R22,nivel,Sênior,modelo_trabalho,Modelo híbrido com dias fixos de trabalho presencial,166,858,19.3473
2025-2026,R22,nivel,Sênior,modelo_trabalho,Modelo 100% remoto,426,858,49.6503
2025-2026,R22,nivel,Sênior,modelo_trabalho,Modelo híbrido flexível (o funcionário tem liberdade para escolher quando estar no escritório presencialmente),148,858,17.2494
2025-2026,R22,nivel,Sênior,modelo_trabalho,Modelo 100% presencial,118,858,13.7529
2023-2024,R23,modelo_trabalho,Modelo 100% presencial,satisfacao,Nao,358,790,45.3165
2023-2024,R23,modelo_trabalho,Modelo 100% presencial,satisfacao,Sim,432,790,54.6835
2023-2024,R23,modelo_trabalho,Modelo 100% remoto,satisfacao,Sim,1721,2201,78.1917
2023-2024,R23,modelo_trabalho,Modelo 100% remoto,satisfacao,Nao,480,2201,21.8083
2023-2024,R23,modelo_trabalho,Modelo híbrido com dias fixos de trabalho presencial,satisfacao,Sim,528,790,66.8354
2023-2024,R23,modelo_trabalho,Modelo híbrido com dias fixos de trabalho presencial,satisfacao,Nao,262,790,33.1646
2023-2024,R23,modelo_trabalho,Modelo híbrido flexível (o funcionário tem liberdade para escolher quando estar no escritório presencialmente),satisfacao,Nao,233,972,23.9712
2023-2024,R23,modelo_trabalho,Modelo híbrido flexível (o funcionário tem liberdade para escolher quando estar no escritório presencialmente),satisfacao,Sim,739,972,76.0288
2024-2025,R23,modelo_trabalho,Modelo 100% presencial,satisfacao,Nao,398,792,50.2525
2024-2025,R23,modelo_trabalho,Modelo 100% presencial,satisfacao,Sim,394,792,49.7475
2024-2025,R23,modelo_trabalho,Modelo 100% remoto,satisfacao,Sim,1666,2221,75.0113
2024-2025,R23,modelo_trabalho,Modelo 100% remoto,satisfacao,Nao,555,2221,24.9887
2024-2025,R23,modelo_trabalho,Modelo híbrido com dias fixos de trabalho presencial,satisfacao,Sim,536,850,63.0588
2024-2025,R23,modelo_trabalho,Modelo híbrido com dias fixos de trabalho presencial,satisfacao,Nao,314,850,36.9412
2024-2025,R23,modelo_trabalho,Modelo híbrido flexível (o funcionário tem liberdade para escolher quando estar no escritório presencialmente),satisfacao,Sim,738,998,73.9479
2024-2025,R23,modelo_trabalho,Modelo híbrido flexível (o funcionário tem liberdade para escolher quando estar no escritório presencialmente),satisfacao,Nao,260,998,26.0521
2025-2026,R23,modelo_trabalho,Modelo 100% presencial,satisfacao,Nao,308,670,45.9701
2025-2026,R23,modelo_trabalho,Modelo 100% presencial,satisfacao,Sim,362,670,54.0299
2025-2026,R23,modelo_trabalho,Modelo 100% remoto,satisfacao,Nao,327,1281,25.5269
2025-2026,R23,modelo_trabalho,Modelo 100% remoto,satisfacao,Sim,954,1281,74.4731
2025-2026,R23,modelo_trabalho,Modelo híbrido com dias fixos de trabalho presencial,satisfacao,Nao,208,645,32.2481
2025-2026,R23,modelo_trabalho,Modelo híbrido com dias fixos de trabalho presencial,satisfacao,Sim,437,645,67.7519
2025-2026,R23,modelo_trabalho,Modelo híbrido flexível (o funcionário tem liberdade para escolher quando estar no escritório presencialmente),satisfacao,Nao,158,631,25.0396
2025-2026,R23,modelo_trabalho,Modelo híbrido flexível (o funcionário tem liberdade para escolher quando estar no escritório presencialmente),satisfacao,Sim,473,631,74.9604
2023-2024,R21,setor,Agronegócios,ia_prioridade,Não é uma iniciativa que estamos focando e não tem sido uma prioridade.,9,15,60.0
2023-2024,R21,setor,Agronegócios,ia_prioridade,"Mais ou menos... É uma das várias iniciativas que estamos impulsionando, mas não é uma prioridade (iniciativas isoladas e pouco foco).",4,15,26.6667
2023-2024,R21,setor,Agronegócios,ia_prioridade,"Sim, é nossa principal prioridade como empresa (com foco executivo significativo e alocação de orçamento relevante).",2,15,13.3333
2023-2024,R21,setor,Educação,ia_prioridade,"Sim, é nossa principal prioridade como empresa (com foco executivo significativo e alocação de orçamento relevante).",4,49,8.1633
2023-2024,R21,setor,Educação,ia_prioridade,"Sim, está entre nossas principais prioridades para os próximos 2-4 anos (com discussões de iniciativas e orçamentos de curto a médio prazo).",9,49,18.3673
2023-2024,R21,setor,Educação,ia_prioridade,Não sei opinar sobre esse assunto.,3,49,6.1224
2023-2024,R21,setor,Educação,ia_prioridade,"Mais ou menos... É uma das várias iniciativas que estamos impulsionando, mas não é uma prioridade (iniciativas isoladas e pouco foco).",17,49,34.6939
2023-2024,R21,setor,Educação,ia_prioridade,Não é uma iniciativa que estamos focando e não tem sido uma prioridade.,16,49,32.6531
2023-2024,R21,setor,Entretenimento ou Esportes,ia_prioridade,"Mais ou menos... É uma das várias iniciativas que estamos impulsionando, mas não é uma prioridade (iniciativas isoladas e pouco foco).",2,8,25.0
2023-2024,R21,setor,Entretenimento ou Esportes,ia_prioridade,Não é uma iniciativa que estamos focando e não tem sido uma prioridade.,4,8,50.0
2023-2024,R21,setor,Entretenimento ou Esportes,ia_prioridade,"Sim, é nossa principal prioridade como empresa (com foco executivo significativo e alocação de orçamento relevante).",2,8,25.0
2023-2024,R21,setor,Filantropia/ONG's,ia_prioridade,"Sim, está entre nossas principais prioridades para os próximos 2-4 anos (com discussões de iniciativas e orçamentos de curto a médio prazo).",1,6,16.6667
2023-2024,R21,setor,Filantropia/ONG's,ia_prioridade,"Mais ou menos... É uma das várias iniciativas que estamos impulsionando, mas não é uma prioridade (iniciativas isoladas e pouco foco).",1,6,16.6667
2023-2024,R21,setor,Filantropia/ONG's,ia_prioridade,Não sei opinar sobre esse assunto.,1,6,16.6667
2023-2024,R21,setor,Filantropia/ONG's,ia_prioridade,"Sim, é nossa principal prioridade como empresa (com foco executivo significativo e alocação de orçamento relevante).",2,6,33.3333
2023-2024,R21,setor,Filantropia/ONG's,ia_prioridade,Não é uma iniciativa que estamos focando e não tem sido uma prioridade.,1,6,16.6667
2023-2024,R21,setor,Finanças ou Bancos,ia_prioridade,"Sim, é nossa principal prioridade como empresa (com foco executivo significativo e alocação de orçamento relevante).",17,148,11.4865
2023-2024,R21,setor,Finanças ou Bancos,ia_prioridade,Não é uma iniciativa que estamos focando e não tem sido uma prioridade.,52,148,35.1351
2023-2024,R21,setor,Finanças ou Bancos,ia_prioridade,"Sim, está entre nossas principais prioridades para os próximos 2-4 anos (com discussões de iniciativas e orçamentos de curto a médio prazo).",33,148,22.2973
2023-2024,R21,setor,Finanças ou Bancos,ia_prioridade,"Mais ou menos... É uma das várias iniciativas que estamos impulsionando, mas não é uma prioridade (iniciativas isoladas e pouco foco).",41,148,27.7027
2023-2024,R21,setor,Finanças ou Bancos,ia_prioridade,Não sei opinar sobre esse assunto.,5,148,3.3784
2023-2024,R21,setor,Indústria,ia_prioridade,"Mais ou menos... É uma das várias iniciativas que estamos impulsionando, mas não é uma prioridade (iniciativas isoladas e pouco foco).",21,51,41.1765
2023-2024,R21,setor,Indústria,ia_prioridade,Não é uma iniciativa que estamos focando e não tem sido uma prioridade.,12,51,23.5294
2023-2024,R21,setor,Indústria,ia_prioridade,"Sim, é nossa principal prioridade como empresa (com foco executivo significativo e alocação de orçamento relevante).",7,51,13.7255
2023-2024,R21,setor,Indústria,ia_prioridade,"Sim, está entre nossas principais prioridades para os próximos 2-4 anos (com discussões de iniciativas e orçamentos de curto a médio prazo).",11,51,21.5686
2023-2024,R21,setor,Internet/Ecommerce,ia_prioridade,Não é uma iniciativa que estamos focando e não tem sido uma prioridade.,6,28,21.4286
2023-2024,R21,setor,Internet/Ecommerce,ia_prioridade,Não sei opinar sobre esse assunto.,2,28,7.1429
2023-2024,R21,setor,Internet/Ecommerce,ia_prioridade,"Mais ou menos... É uma das várias iniciativas que estamos impulsionando, mas não é uma prioridade (iniciativas isoladas e pouco foco).",8,28,28.5714
2023-2024,R21,setor,Internet/Ecommerce,ia_prioridade,"Sim, está entre nossas principais prioridades para os próximos 2-4 anos (com discussões de iniciativas e orçamentos de curto a médio prazo).",8,28,28.5714
2023-2024,R21,setor,Internet/Ecommerce,ia_prioridade,"Sim, é nossa principal prioridade como empresa (com foco executivo significativo e alocação de orçamento relevante).",4,28,14.2857
2023-2024,R21,setor,Marketing,ia_prioridade,"Sim, está entre nossas principais prioridades para os próximos 2-4 anos (com discussões de iniciativas e orçamentos de curto a médio prazo).",7,24,29.1667
2023-2024,R21,setor,Marketing,ia_prioridade,"Sim, é nossa principal prioridade como empresa (com foco executivo significativo e alocação de orçamento relevante).",4,24,16.6667
2023-2024,R21,setor,Marketing,ia_prioridade,Não é uma iniciativa que estamos focando e não tem sido uma prioridade.,8,24,33.3333
2023-2024,R21,setor,Marketing,ia_prioridade,"Mais ou menos... É uma das várias iniciativas que estamos impulsionando, mas não é uma prioridade (iniciativas isoladas e pouco foco).",5,24,20.8333
2023-2024,R21,setor,Outra Opção,ia_prioridade,"Sim, é nossa principal prioridade como empresa (com foco executivo significativo e alocação de orçamento relevante).",5,61,8.1967
2023-2024,R21,setor,Outra Opção,ia_prioridade,Não é uma iniciativa que estamos focando e não tem sido uma prioridade.,18,61,29.5082
2023-2024,R21,setor,Outra Opção,ia_prioridade,"Mais ou menos... É uma das várias iniciativas que estamos impulsionando, mas não é uma prioridade (iniciativas isoladas e pouco foco).",20,61,32.7869
2023-2024,R21,setor,Outra Opção,ia_prioridade,"Sim, está entre nossas principais prioridades para os próximos 2-4 anos (com discussões de iniciativas e orçamentos de curto a médio prazo).",18,61,29.5082
2023-2024,R21,setor,Seguros ou Previdência,ia_prioridade,"Sim, está entre nossas principais prioridades para os próximos 2-4 anos (com discussões de iniciativas e orçamentos de curto a médio prazo).",1,7,14.2857
2023-2024,R21,setor,Seguros ou Previdência,ia_prioridade,Não é uma iniciativa que estamos focando e não tem sido uma prioridade.,1,7,14.2857
2023-2024,R21,setor,Seguros ou Previdência,ia_prioridade,"Mais ou menos... É uma das várias iniciativas que estamos impulsionando, mas não é uma prioridade (iniciativas isoladas e pouco foco).",3,7,42.8571
2023-2024,R21,setor,Seguros ou Previdência,ia_prioridade,Não sei opinar sobre esse assunto.,2,7,28.5714
2023-2024,R21,setor,Setor Alimentício,ia_prioridade,"Mais ou menos... É uma das várias iniciativas que estamos impulsionando, mas não é uma prioridade (iniciativas isoladas e pouco foco).",6,27,22.2222
2023-2024,R21,setor,Setor Alimentício,ia_prioridade,Não sei opinar sobre esse assunto.,4,27,14.8148
2023-2024,R21,setor,Setor Alimentício,ia_prioridade,"Sim, está entre nossas principais prioridades para os próximos 2-4 anos (com discussões de iniciativas e orçamentos de curto a médio prazo).",10,27,37.037
2023-2024,R21,setor,Setor Alimentício,ia_prioridade,Não é uma iniciativa que estamos focando e não tem sido uma prioridade.,7,27,25.9259
2023-2024,R21,setor,Setor Automotivo,ia_prioridade,Não é uma iniciativa que estamos focando e não tem sido uma prioridade.,3,7,42.8571
2023-2024,R21,setor,Setor Automotivo,ia_prioridade,"Mais ou menos... É uma das várias iniciativas que estamos impulsionando, mas não é uma prioridade (iniciativas isoladas e pouco foco).",1,7,14.2857
2023-2024,R21,setor,Setor Automotivo,ia_prioridade,"Sim, é nossa principal prioridade como empresa (com foco executivo significativo e alocação de orçamento relevante).",3,7,42.8571
2023-2024,R21,setor,Setor Farmaceutico,ia_prioridade,"Mais ou menos... É uma das várias iniciativas que estamos impulsionando, mas não é uma prioridade (iniciativas isoladas e pouco foco).",2,3,66.6667
2023-2024,R21,setor,Setor Farmaceutico,ia_prioridade,Não é uma iniciativa que estamos focando e não tem sido uma prioridade.,1,3,33.3333
2023-2024,R21,setor,Setor Imobiliário/ Construção Civil,ia_prioridade,"Sim, está entre nossas principais prioridades para os próximos 2-4 anos (com discussões de iniciativas e orçamentos de curto a médio prazo).",4,19,21.0526
2023-2024,R21,setor,Setor Imobiliário/ Construção Civil,ia_prioridade,"Mais ou menos... É uma das várias iniciativas que estamos impulsionando, mas não é uma prioridade (iniciativas isoladas e pouco foco).",7,19,36.8421
2023-2024,R21,setor,Setor Imobiliário/ Construção Civil,ia_prioridade,"Sim, é nossa principal prioridade como empresa (com foco executivo significativo e alocação de orçamento relevante).",1,19,5.2632
2023-2024,R21,setor,Setor Imobiliário/ Construção Civil,ia_prioridade,Não é uma iniciativa que estamos focando e não tem sido uma prioridade.,7,19,36.8421
2023-2024,R21,setor,Setor Público,ia_prioridade,"Mais ou menos... É uma das várias iniciativas que estamos impulsionando, mas não é uma prioridade (iniciativas isoladas e pouco foco).",8,34,23.5294
2023-2024,R21,setor,Setor Público,ia_prioridade,Não sei opinar sobre esse assunto.,1,34,2.9412
2023-2024,R21,setor,Setor Público,ia_prioridade,"Sim, está entre nossas principais prioridades para os próximos 2-4 anos (com discussões de iniciativas e orçamentos de curto a médio prazo).",3,34,8.8235
2023-2024,R21,setor,Setor Público,ia_prioridade,Não é uma iniciativa que estamos focando e não tem sido uma prioridade.,18,34,52.9412
2023-2024,R21,setor,Setor Público,ia_prioridade,"Sim, é nossa principal prioridade como empresa (com foco executivo significativo e alocação de orçamento relevante).",4,34,11.7647
2023-2024,R21,setor,Setor de Energia,ia_prioridade,Não sei opinar sobre esse assunto.,1,9,11.1111
2023-2024,R21,setor,Setor de Energia,ia_prioridade,Não é uma iniciativa que estamos focando e não tem sido uma prioridade.,5,9,55.5556
2023-2024,R21,setor,Setor de Energia,ia_prioridade,"Mais ou menos... É uma das várias iniciativas que estamos impulsionando, mas não é uma prioridade (iniciativas isoladas e pouco foco).",1,9,11.1111
2023-2024,R21,setor,Setor de Energia,ia_prioridade,"Sim, está entre nossas principais prioridades para os próximos 2-4 anos (com discussões de iniciativas e orçamentos de curto a médio prazo).",2,9,22.2222
2023-2024,R21,setor,Tecnologia/Fábrica de Software,ia_prioridade,Não é uma iniciativa que estamos focando e não tem sido uma prioridade.,38,177,21.4689
2023-2024,R21,setor,Tecnologia/Fábrica de Software,ia_prioridade,Não sei opinar sobre esse assunto.,8,177,4.5198
2023-2024,R21,setor,Tecnologia/Fábrica de Software,ia_prioridade,"Sim, está entre nossas principais prioridades para os próximos 2-4 anos (com discussões de iniciativas e orçamentos de curto a médio prazo).",43,177,24.2938
2023-2024,R21,setor,Tecnologia/Fábrica de Software,ia_prioridade,"Mais ou menos... É uma das várias iniciativas que estamos impulsionando, mas não é uma prioridade (iniciativas isoladas e pouco foco).",53,177,29.9435
2023-2024,R21,setor,Tecnologia/Fábrica de Software,ia_prioridade,"Sim, é nossa principal prioridade como empresa (com foco executivo significativo e alocação de orçamento relevante).",35,177,19.774
2023-2024,R21,setor,Telecomunicação,ia_prioridade,"Sim, é nossa principal prioridade como empresa (com foco executivo significativo e alocação de orçamento relevante).",2,19,10.5263
2023-2024,R21,setor,Telecomunicação,ia_prioridade,Não é uma iniciativa que estamos focando e não tem sido uma prioridade.,6,19,31.5789
2023-2024,R21,setor,Telecomunicação,ia_prioridade,"Mais ou menos... É uma das várias iniciativas que estamos impulsionando, mas não é uma prioridade (iniciativas isoladas e pouco foco).",3,19,15.7895
2023-2024,R21,setor,Telecomunicação,ia_prioridade,"Sim, está entre nossas principais prioridades para os próximos 2-4 anos (com discussões de iniciativas e orçamentos de curto a médio prazo).",5,19,26.3158
2023-2024,R21,setor,Telecomunicação,ia_prioridade,Não sei opinar sobre esse assunto.,3,19,15.7895
2023-2024,R21,setor,Varejo,ia_prioridade,"Sim, está entre nossas principais prioridades para os próximos 2-4 anos (com discussões de iniciativas e orçamentos de curto a médio prazo).",28,83,33.7349
2023-2024,R21,setor,Varejo,ia_prioridade,Não sei opinar sobre esse assunto.,3,83,3.6145
2023-2024,R21,setor,Varejo,ia_prioridade,"Mais ou menos... É uma das várias iniciativas que estamos impulsionando, mas não é uma prioridade (iniciativas isoladas e pouco foco).",32,83,38.5542
2023-2024,R21,setor,Varejo,ia_prioridade,"Sim, é nossa principal prioridade como empresa (com foco executivo significativo e alocação de orçamento relevante).",6,83,7.2289
2023-2024,R21,setor,Varejo,ia_prioridade,Não é uma iniciativa que estamos focando e não tem sido uma prioridade.,14,83,16.8675
2023-2024,R21,setor,Área da Saúde,ia_prioridade,"Sim, está entre nossas principais prioridades para os próximos 2-4 anos (com discussões de iniciativas e orçamentos de curto a médio prazo).",6,36,16.6667
2023-2024,R21,setor,Área da Saúde,ia_prioridade,"Mais ou menos... É uma das várias iniciativas que estamos impulsionando, mas não é uma prioridade (iniciativas isoladas e pouco foco).",15,36,41.6667
2023-2024,R21,setor,Área da Saúde,ia_prioridade,Não é uma iniciativa que estamos focando e não tem sido uma prioridade.,12,36,33.3333
2023-2024,R21,setor,Área da Saúde,ia_prioridade,Não sei opinar sobre esse assunto.,1,36,2.7778
2023-2024,R21,setor,Área da Saúde,ia_prioridade,"Sim, é nossa principal prioridade como empresa (com foco executivo significativo e alocação de orçamento relevante).",2,36,5.5556
2023-2024,R21,setor,Área de Consultoria,ia_prioridade,Não é uma iniciativa que estamos focando e não tem sido uma prioridade.,20,85,23.5294
2023-2024,R21,setor,Área de Consultoria,ia_prioridade,"Sim, está entre nossas principais prioridades para os próximos 2-4 anos (com discussões de iniciativas e orçamentos de curto a médio prazo).",25,85,29.4118
2023-2024,R21,setor,Área de Consultoria,ia_prioridade,"Sim, é nossa principal prioridade como empresa (com foco executivo significativo e alocação de orçamento relevante).",10,85,11.7647
2023-2024,R21,setor,Área de Consultoria,ia_prioridade,"Mais ou menos... É uma das várias iniciativas que estamos impulsionando, mas não é uma prioridade (iniciativas isoladas e pouco foco).",25,85,29.4118
2023-2024,R21,setor,Área de Consultoria,ia_prioridade,Não sei opinar sobre esse assunto.,5,85,5.8824
2024-2025,R21,setor,Agronegócios,ia_prioridade,Não é uma iniciativa que estamos focando e não tem sido uma prioridade.,6,18,33.3333
2024-2025,R21,setor,Agronegócios,ia_prioridade,"Sim, está entre nossas principais prioridades para os próximos 2-4 anos (com discussões de iniciativas e orçamentos de curto a médio prazo).",2,18,11.1111
2024-2025,R21,setor,Agronegócios,ia_prioridade,"Sim, é nossa principal prioridade como empresa (com foco executivo significativo e alocação de orçamento relevante).",2,18,11.1111
2024-2025,R21,setor,Agronegócios,ia_prioridade,"Mais ou menos... É uma das várias iniciativas que estamos impulsionando, mas não é uma prioridade (tratam-se de iniciativas isoladas e com pouco foco).",8,18,44.4444
2024-2025,R21,setor,Educação,ia_prioridade,"Sim, está entre nossas principais prioridades para os próximos 2-4 anos (com discussões de iniciativas e orçamentos de curto a médio prazo).",15,46,32.6087
2024-2025,R21,setor,Educação,ia_prioridade,"Mais ou menos... É uma das várias iniciativas que estamos impulsionando, mas não é uma prioridade (tratam-se de iniciativas isoladas e com pouco foco).",15,46,32.6087
2024-2025,R21,setor,Educação,ia_prioridade,"Sim, é nossa principal prioridade como empresa (com foco executivo significativo e alocação de orçamento relevante).",8,46,17.3913
2024-2025,R21,setor,Educação,ia_prioridade,Não é uma iniciativa que estamos focando e não tem sido uma prioridade.,8,46,17.3913
2024-2025,R21,setor,Entretenimento ou Esportes,ia_prioridade,Não sei opinar sobre esse assunto.,1,8,12.5
2024-2025,R21,setor,Entretenimento ou Esportes,ia_prioridade,"Sim, é nossa principal prioridade como empresa (com foco executivo significativo e alocação de orçamento relevante).",2,8,25.0
2024-2025,R21,setor,Entretenimento ou Esportes,ia_prioridade,"Sim, está entre nossas principais prioridades para os próximos 2-4 anos (com discussões de iniciativas e orçamentos de curto a médio prazo).",1,8,12.5
2024-2025,R21,setor,Entretenimento ou Esportes,ia_prioridade,"Mais ou menos... É uma das várias iniciativas que estamos impulsionando, mas não é uma prioridade (tratam-se de iniciativas isoladas e com pouco foco).",3,8,37.5
2024-2025,R21,setor,Entretenimento ou Esportes,ia_prioridade,Não é uma iniciativa que estamos focando e não tem sido uma prioridade.,1,8,12.5
2024-2025,R21,setor,Filantropia/ONG's,ia_prioridade,Não é uma iniciativa que estamos focando e não tem sido uma prioridade.,2,4,50.0
2024-2025,R21,setor,Filantropia/ONG's,ia_prioridade,Não sei opinar sobre esse assunto.,2,4,50.0
2024-2025,R21,setor,Finanças ou Bancos,ia_prioridade,Não sei opinar sobre esse assunto.,4,175,2.2857
2024-2025,R21,setor,Finanças ou Bancos,ia_prioridade,"Sim, está entre nossas principais prioridades para os próximos 2-4 anos (com discussões de iniciativas e orçamentos de curto a médio prazo).",58,175,33.1429
2024-2025,R21,setor,Finanças ou Bancos,ia_prioridade,Não é uma iniciativa que estamos focando e não tem sido uma prioridade.,18,175,10.2857
2024-2025,R21,setor,Finanças ou Bancos,ia_prioridade,"Mais ou menos... É uma das várias iniciativas que estamos impulsionando, mas não é uma prioridade (tratam-se de iniciativas isoladas e com pouco foco).",58,175,33.1429
2024-2025,R21,setor,Finanças ou Bancos,ia_prioridade,"Sim, é nossa principal prioridade como empresa (com foco executivo significativo e alocação de orçamento relevante).",37,175,21.1429
2024-2025,R21,setor,Indústria,ia_prioridade,Não sei opinar sobre esse assunto.,3,81,3.7037
2024-2025,R21,setor,Indústria,ia_prioridade,"Mais ou menos... É uma das várias iniciativas que estamos impulsionando, mas não é uma prioridade (tratam-se de iniciativas isoladas e com pouco foco).",19,81,23.4568
2024-2025,R21,setor,Indústria,ia_prioridade,"Sim, é nossa principal prioridade como empresa (com foco executivo significativo e alocação de orçamento relevante).",16,81,19.7531
2024-2025,R21,setor,Indústria,ia_prioridade,Não é uma iniciativa que estamos focando e não tem sido uma prioridade.,14,81,17.284
2024-2025,R21,setor,Indústria,ia_prioridade,"Sim, está entre nossas principais prioridades para os próximos 2-4 anos (com discussões de iniciativas e orçamentos de curto a médio prazo).",29,81,35.8025
2024-2025,R21,setor,Internet/Ecommerce,ia_prioridade,"Sim, está entre nossas principais prioridades para os próximos 2-4 anos (com discussões de iniciativas e orçamentos de curto a médio prazo).",13,46,28.2609
2024-2025,R21,setor,Internet/Ecommerce,ia_prioridade,Não é uma iniciativa que estamos focando e não tem sido uma prioridade.,8,46,17.3913
2024-2025,R21,setor,Internet/Ecommerce,ia_prioridade,"Mais ou menos... É uma das várias iniciativas que estamos impulsionando, mas não é uma prioridade (tratam-se de iniciativas isoladas e com pouco foco).",8,46,17.3913
2024-2025,R21,setor,Internet/Ecommerce,ia_prioridade,Não sei opinar sobre esse assunto.,1,46,2.1739
2024-2025,R21,setor,Internet/Ecommerce,ia_prioridade,"Sim, é nossa principal prioridade como empresa (com foco executivo significativo e alocação de orçamento relevante).",16,46,34.7826
2024-2025,R21,setor,Marketing,ia_prioridade,"Sim, é nossa principal prioridade como empresa (com foco executivo significativo e alocação de orçamento relevante).",6,43,13.9535
2024-2025,R21,setor,Marketing,ia_prioridade,Não é uma iniciativa que estamos focando e não tem sido uma prioridade.,14,43,32.5581
2024-2025,R21,setor,Marketing,ia_prioridade,Não sei opinar sobre esse assunto.,2,43,4.6512
2024-2025,R21,setor,Marketing,ia_prioridade,"Sim, está entre nossas principais prioridades para os próximos 2-4 anos (com discussões de iniciativas e orçamentos de curto a médio prazo).",6,43,13.9535
2024-2025,R21,setor,Marketing,ia_prioridade,"Mais ou menos... É uma das várias iniciativas que estamos impulsionando, mas não é uma prioridade (tratam-se de iniciativas isoladas e com pouco foco).",15,43,34.8837
2024-2025,R21,setor,Outra Opção,ia_prioridade,Não é uma iniciativa que estamos focando e não tem sido uma prioridade.,15,77,19.4805
2024-2025,R21,setor,Outra Opção,ia_prioridade,Não sei opinar sobre esse assunto.,3,77,3.8961
2024-2025,R21,setor,Outra Opção,ia_prioridade,"Mais ou menos... É uma das várias iniciativas que estamos impulsionando, mas não é uma prioridade (tratam-se de iniciativas isoladas e com pouco foco).",27,77,35.0649
2024-2025,R21,setor,Outra Opção,ia_prioridade,"Sim, é nossa principal prioridade como empresa (com foco executivo significativo e alocação de orçamento relevante).",13,77,16.8831
2024-2025,R21,setor,Outra Opção,ia_prioridade,"Sim, está entre nossas principais prioridades para os próximos 2-4 anos (com discussões de iniciativas e orçamentos de curto a médio prazo).",19,77,24.6753
2024-2025,R21,setor,Seguros ou Previdência,ia_prioridade,"Sim, é nossa principal prioridade como empresa (com foco executivo significativo e alocação de orçamento relevante).",1,10,10.0
2024-2025,R21,setor,Seguros ou Previdência,ia_prioridade,"Mais ou menos... É uma das várias iniciativas que estamos impulsionando, mas não é uma prioridade (tratam-se de iniciativas isoladas e com pouco foco).",4,10,40.0
2024-2025,R21,setor,Seguros ou Previdência,ia_prioridade,"Sim, está entre nossas principais prioridades para os próximos 2-4 anos (com discussões de iniciativas e orçamentos de curto a médio prazo).",5,10,50.0
2024-2025,R21,setor,Setor Alimentício,ia_prioridade,"Sim, está entre nossas principais prioridades para os próximos 2-4 anos (com discussões de iniciativas e orçamentos de curto a médio prazo).",10,33,30.303
2024-2025,R21,setor,Setor Alimentício,ia_prioridade,"Sim, é nossa principal prioridade como empresa (com foco executivo significativo e alocação de orçamento relevante).",9,33,27.2727
2024-2025,R21,setor,Setor Alimentício,ia_prioridade,Não é uma iniciativa que estamos focando e não tem sido uma prioridade.,1,33,3.0303
2024-2025,R21,setor,Setor Alimentício,ia_prioridade,"Mais ou menos... É uma das várias iniciativas que estamos impulsionando, mas não é uma prioridade (tratam-se de iniciativas isoladas e com pouco foco).",11,33,33.3333
2024-2025,R21,setor,Setor Alimentício,ia_prioridade,Não sei opinar sobre esse assunto.,2,33,6.0606
2024-2025,R21,setor,Setor Automotivo,ia_prioridade,"Sim, é nossa principal prioridade como empresa (com foco executivo significativo e alocação de orçamento relevante).",2,12,16.6667
2024-2025,R21,setor,Setor Automotivo,ia_prioridade,Não é uma iniciativa que estamos focando e não tem sido uma prioridade.,1,12,8.3333
2024-2025,R21,setor,Setor Automotivo,ia_prioridade,"Sim, está entre nossas principais prioridades para os próximos 2-4 anos (com discussões de iniciativas e orçamentos de curto a médio prazo).",3,12,25.0
2024-2025,R21,setor,Setor Automotivo,ia_prioridade,"Mais ou menos... É uma das várias iniciativas que estamos impulsionando, mas não é uma prioridade (tratam-se de iniciativas isoladas e com pouco foco).",6,12,50.0
2024-2025,R21,setor,Setor Farmaceutico,ia_prioridade,"Sim, está entre nossas principais prioridades para os próximos 2-4 anos (com discussões de iniciativas e orçamentos de curto a médio prazo).",2,2,100.0
2024-2025,R21,setor,Setor Imobiliário/ Construção Civil,ia_prioridade,"Mais ou menos... É uma das várias iniciativas que estamos impulsionando, mas não é uma prioridade (tratam-se de iniciativas isoladas e com pouco foco).",4,22,18.1818
2024-2025,R21,setor,Setor Imobiliário/ Construção Civil,ia_prioridade,"Sim, é nossa principal prioridade como empresa (com foco executivo significativo e alocação de orçamento relevante).",3,22,13.6364
2024-2025,R21,setor,Setor Imobiliário/ Construção Civil,ia_prioridade,Não é uma iniciativa que estamos focando e não tem sido uma prioridade.,4,22,18.1818
2024-2025,R21,setor,Setor Imobiliário/ Construção Civil,ia_prioridade,"Sim, está entre nossas principais prioridades para os próximos 2-4 anos (com discussões de iniciativas e orçamentos de curto a médio prazo).",11,22,50.0
2024-2025,R21,setor,Setor Público,ia_prioridade,"Mais ou menos... É uma das várias iniciativas que estamos impulsionando, mas não é uma prioridade (tratam-se de iniciativas isoladas e com pouco foco).",6,25,24.0
2024-2025,R21,setor,Setor Público,ia_prioridade,"Sim, está entre nossas principais prioridades para os próximos 2-4 anos (com discussões de iniciativas e orçamentos de curto a médio prazo).",5,25,20.0
2024-2025,R21,setor,Setor Público,ia_prioridade,Não é uma iniciativa que estamos focando e não tem sido uma prioridade.,11,25,44.0
2024-2025,R21,setor,Setor Público,ia_prioridade,"Sim, é nossa principal prioridade como empresa (com foco executivo significativo e alocação de orçamento relevante).",1,25,4.0
2024-2025,R21,setor,Setor Público,ia_prioridade,Não sei opinar sobre esse assunto.,2,25,8.0
2024-2025,R21,setor,Setor de Energia,ia_prioridade,Não é uma iniciativa que estamos focando e não tem sido uma prioridade.,1,9,11.1111
2024-2025,R21,setor,Setor de Energia,ia_prioridade,"Mais ou menos... É uma das várias iniciativas que estamos impulsionando, mas não é uma prioridade (tratam-se de iniciativas isoladas e com pouco foco).",5,9,55.5556
2024-2025,R21,setor,Setor de Energia,ia_prioridade,"Sim, é nossa principal prioridade como empresa (com foco executivo significativo e alocação de orçamento relevante).",1,9,11.1111
2024-2025,R21,setor,Setor de Energia,ia_prioridade,"Sim, está entre nossas principais prioridades para os próximos 2-4 anos (com discussões de iniciativas e orçamentos de curto a médio prazo).",2,9,22.2222
2024-2025,R21,setor,Tecnologia/Fábrica de Software,ia_prioridade,Não sei opinar sobre esse assunto.,5,211,2.3697
2024-2025,R21,setor,Tecnologia/Fábrica de Software,ia_prioridade,"Sim, é nossa principal prioridade como empresa (com foco executivo significativo e alocação de orçamento relevante).",78,211,36.9668
2024-2025,R21,setor,Tecnologia/Fábrica de Software,ia_prioridade,"Sim, está entre nossas principais prioridades para os próximos 2-4 anos (com discussões de iniciativas e orçamentos de curto a médio prazo).",65,211,30.8057
2024-2025,R21,setor,Tecnologia/Fábrica de Software,ia_prioridade,Não é uma iniciativa que estamos focando e não tem sido uma prioridade.,21,211,9.9526
2024-2025,R21,setor,Tecnologia/Fábrica de Software,ia_prioridade,"Mais ou menos... É uma das várias iniciativas que estamos impulsionando, mas não é uma prioridade (tratam-se de iniciativas isoladas e com pouco foco).",42,211,19.9052
2024-2025,R21,setor,Telecomunicação,ia_prioridade,"Sim, está entre nossas principais prioridades para os próximos 2-4 anos (com discussões de iniciativas e orçamentos de curto a médio prazo).",4,16,25.0
2024-2025,R21,setor,Telecomunicação,ia_prioridade,"Sim, é nossa principal prioridade como empresa (com foco executivo significativo e alocação de orçamento relevante).",4,16,25.0
2024-2025,R21,setor,Telecomunicação,ia_prioridade,Não é uma iniciativa que estamos focando e não tem sido uma prioridade.,2,16,12.5
2024-2025,R21,setor,Telecomunicação,ia_prioridade,"Mais ou menos... É uma das várias iniciativas que estamos impulsionando, mas não é uma prioridade (tratam-se de iniciativas isoladas e com pouco foco).",6,16,37.5
2024-2025,R21,setor,Varejo,ia_prioridade,Não é uma iniciativa que estamos focando e não tem sido uma prioridade.,17,102,16.6667
2024-2025,R21,setor,Varejo,ia_prioridade,"Sim, está entre nossas principais prioridades para os próximos 2-4 anos (com discussões de iniciativas e orçamentos de curto a médio prazo).",47,102,46.0784
2024-2025,R21,setor,Varejo,ia_prioridade,"Mais ou menos... É uma das várias iniciativas que estamos impulsionando, mas não é uma prioridade (tratam-se de iniciativas isoladas e com pouco foco).",29,102,28.4314
2024-2025,R21,setor,Varejo,ia_prioridade,"Sim, é nossa principal prioridade como empresa (com foco executivo significativo e alocação de orçamento relevante).",9,102,8.8235
2024-2025,R21,setor,Área da Saúde,ia_prioridade,Não é uma iniciativa que estamos focando e não tem sido uma prioridade.,4,41,9.7561
2024-2025,R21,setor,Área da Saúde,ia_prioridade,"Mais ou menos... É uma das várias iniciativas que estamos impulsionando, mas não é uma prioridade (tratam-se de iniciativas isoladas e com pouco foco).",19,41,46.3415
2024-2025,R21,setor,Área da Saúde,ia_prioridade,"Sim, está entre nossas principais prioridades para os próximos 2-4 anos (com discussões de iniciativas e orçamentos de curto a médio prazo).",8,41,19.5122
2024-2025,R21,setor,Área da Saúde,ia_prioridade,Não sei opinar sobre esse assunto.,3,41,7.3171
2024-2025,R21,setor,Área da Saúde,ia_prioridade,"Sim, é nossa principal prioridade como empresa (com foco executivo significativo e alocação de orçamento relevante).",7,41,17.0732
2024-2025,R21,setor,Área de Consultoria,ia_prioridade,"Sim, está entre nossas principais prioridades para os próximos 2-4 anos (com discussões de iniciativas e orçamentos de curto a médio prazo).",20,64,31.25
2024-2025,R21,setor,Área de Consultoria,ia_prioridade,"Mais ou menos... É uma das várias iniciativas que estamos impulsionando, mas não é uma prioridade (tratam-se de iniciativas isoladas e com pouco foco).",16,64,25.0
2024-2025,R21,setor,Área de Consultoria,ia_prioridade,"Sim, é nossa principal prioridade como empresa (com foco executivo significativo e alocação de orçamento relevante).",20,64,31.25
2024-2025,R21,setor,Área de Consultoria,ia_prioridade,Não é uma iniciativa que estamos focando e não tem sido uma prioridade.,7,64,10.9375
2024-2025,R21,setor,Área de Consultoria,ia_prioridade,Não sei opinar sobre esse assunto.,1,64,1.5625
2025-2026,R21,setor,Agronegócios,ia_prioridade,"Sim, está entre nossas principais prioridades para os próximos 2-4 anos (com discussões de iniciativas e orçamentos de curto a médio prazo).",2,11,18.1818
2025-2026,R21,setor,Agronegócios,ia_prioridade,Não é uma iniciativa que estamos focando e não tem sido uma prioridade.,2,11,18.1818
2025-2026,R21,setor,Agronegócios,ia_prioridade,"Sim, é nossa principal prioridade como empresa (com foco executivo significativo e alocação de orçamento relevante).",1,11,9.0909
2025-2026,R21,setor,Agronegócios,ia_prioridade,"Mais ou menos... É uma das várias iniciativas que estamos impulsionando, mas não é uma prioridade (tratam-se de iniciativas isoladas e com pouco foco).",6,11,54.5455
2025-2026,R21,setor,Educação,ia_prioridade,"Mais ou menos... É uma das várias iniciativas que estamos impulsionando, mas não é uma prioridade (tratam-se de iniciativas isoladas e com pouco foco).",11,32,34.375
2025-2026,R21,setor,Educação,ia_prioridade,"Sim, está entre nossas principais prioridades para os próximos 2-4 anos (com discussões de iniciativas e orçamentos de curto a médio prazo).",15,32,46.875
2025-2026,R21,setor,Educação,ia_prioridade,Não sei opinar sobre esse assunto.,1,32,3.125
2025-2026,R21,setor,Educação,ia_prioridade,Não é uma iniciativa que estamos focando e não tem sido uma prioridade.,2,32,6.25
2025-2026,R21,setor,Educação,ia_prioridade,"Sim, é nossa principal prioridade como empresa (com foco executivo significativo e alocação de orçamento relevante).",3,32,9.375
2025-2026,R21,setor,Entretenimento ou Esportes,ia_prioridade,"Mais ou menos... É uma das várias iniciativas que estamos impulsionando, mas não é uma prioridade (tratam-se de iniciativas isoladas e com pouco foco).",2,4,50.0
2025-2026,R21,setor,Entretenimento ou Esportes,ia_prioridade,"Sim, está entre nossas principais prioridades para os próximos 2-4 anos (com discussões de iniciativas e orçamentos de curto a médio prazo).",2,4,50.0
2025-2026,R21,setor,Filantropia/ONG's,ia_prioridade,"Mais ou menos... É uma das várias iniciativas que estamos impulsionando, mas não é uma prioridade (tratam-se de iniciativas isoladas e com pouco foco).",4,9,44.4444
2025-2026,R21,setor,Filantropia/ONG's,ia_prioridade,"Sim, está entre nossas principais prioridades para os próximos 2-4 anos (com discussões de iniciativas e orçamentos de curto a médio prazo).",3,9,33.3333
2025-2026,R21,setor,Filantropia/ONG's,ia_prioridade,"Sim, é nossa principal prioridade como empresa (com foco executivo significativo e alocação de orçamento relevante).",1,9,11.1111
2025-2026,R21,setor,Filantropia/ONG's,ia_prioridade,Não é uma iniciativa que estamos focando e não tem sido uma prioridade.,1,9,11.1111
2025-2026,R21,setor,Finanças ou Bancos,ia_prioridade,Não é uma iniciativa que estamos focando e não tem sido uma prioridade.,9,98,9.1837
2025-2026,R21,setor,Finanças ou Bancos,ia_prioridade,Não sei opinar sobre esse assunto.,3,98,3.0612
2025-2026,R21,setor,Finanças ou Bancos,ia_prioridade,"Mais ou menos... É uma das várias iniciativas que estamos impulsionando, mas não é uma prioridade (tratam-se de iniciativas isoladas e com pouco foco).",16,98,16.3265
2025-2026,R21,setor,Finanças ou Bancos,ia_prioridade,"Sim, está entre nossas principais prioridades para os próximos 2-4 anos (com discussões de iniciativas e orçamentos de curto a médio prazo).",40,98,40.8163
2025-2026,R21,setor,Finanças ou Bancos,ia_prioridade,"Sim, é nossa principal prioridade como empresa (com foco executivo significativo e alocação de orçamento relevante).",30,98,30.6122
2025-2026,R21,setor,Indústria,ia_prioridade,"Mais ou menos... É uma das várias iniciativas que estamos impulsionando, mas não é uma prioridade (tratam-se de iniciativas isoladas e com pouco foco).",15,53,28.3019
2025-2026,R21,setor,Indústria,ia_prioridade,Não é uma iniciativa que estamos focando e não tem sido uma prioridade.,11,53,20.7547
2025-2026,R21,setor,Indústria,ia_prioridade,"Sim, é nossa principal prioridade como empresa (com foco executivo significativo e alocação de orçamento relevante).",7,53,13.2075
2025-2026,R21,setor,Indústria,ia_prioridade,"Sim, está entre nossas principais prioridades para os próximos 2-4 anos (com discussões de iniciativas e orçamentos de curto a médio prazo).",20,53,37.7358
2025-2026,R21,setor,Internet/Ecommerce,ia_prioridade,"Mais ou menos... É uma das várias iniciativas que estamos impulsionando, mas não é uma prioridade (tratam-se de iniciativas isoladas e com pouco foco).",2,17,11.7647
2025-2026,R21,setor,Internet/Ecommerce,ia_prioridade,"Sim, está entre nossas principais prioridades para os próximos 2-4 anos (com discussões de iniciativas e orçamentos de curto a médio prazo).",7,17,41.1765
2025-2026,R21,setor,Internet/Ecommerce,ia_prioridade,"Sim, é nossa principal prioridade como empresa (com foco executivo significativo e alocação de orçamento relevante).",6,17,35.2941
2025-2026,R21,setor,Internet/Ecommerce,ia_prioridade,Não é uma iniciativa que estamos focando e não tem sido uma prioridade.,2,17,11.7647
2025-2026,R21,setor,Marketing,ia_prioridade,Não é uma iniciativa que estamos focando e não tem sido uma prioridade.,6,25,24.0
2025-2026,R21,setor,Marketing,ia_prioridade,"Sim, está entre nossas principais prioridades para os próximos 2-4 anos (com discussões de iniciativas e orçamentos de curto a médio prazo).",4,25,16.0
2025-2026,R21,setor,Marketing,ia_prioridade,"Sim, é nossa principal prioridade como empresa (com foco executivo significativo e alocação de orçamento relevante).",7,25,28.0
2025-2026,R21,setor,Marketing,ia_prioridade,Não sei opinar sobre esse assunto.,1,25,4.0
2025-2026,R21,setor,Marketing,ia_prioridade,"Mais ou menos... É uma das várias iniciativas que estamos impulsionando, mas não é uma prioridade (tratam-se de iniciativas isoladas e com pouco foco).",7,25,28.0
2025-2026,R21,setor,Outra Opção,ia_prioridade,"Sim, está entre nossas principais prioridades para os próximos 2-4 anos (com discussões de iniciativas e orçamentos de curto a médio prazo).",18,47,38.2979
2025-2026,R21,setor,Outra Opção,ia_prioridade,"Sim, é nossa principal prioridade como empresa (com foco executivo significativo e alocação de orçamento relevante).",7,47,14.8936
2025-2026,R21,setor,Outra Opção,ia_prioridade,Não sei opinar sobre esse assunto.,2,47,4.2553
2025-2026,R21,setor,Outra Opção,ia_prioridade,Não é uma iniciativa que estamos focando e não tem sido uma prioridade.,7,47,14.8936
2025-2026,R21,setor,Outra Opção,ia_prioridade,"Mais ou menos... É uma das várias iniciativas que estamos impulsionando, mas não é uma prioridade (tratam-se de iniciativas isoladas e com pouco foco).",13,47,27.6596
2025-2026,R21,setor,Seguros ou Previdência,ia_prioridade,Não é uma iniciativa que estamos focando e não tem sido uma prioridade.,1,7,14.2857
2025-2026,R21,setor,Seguros ou Previdência,ia_prioridade,"Mais ou menos... É uma das várias iniciativas que estamos impulsionando, mas não é uma prioridade (tratam-se de iniciativas isoladas e com pouco foco).",3,7,42.8571
2025-2026,R21,setor,Seguros ou Previdência,ia_prioridade,Não sei opinar sobre esse assunto.,1,7,14.2857
2025-2026,R21,setor,Seguros ou Previdência,ia_prioridade,"Sim, é nossa principal prioridade como empresa (com foco executivo significativo e alocação de orçamento relevante).",2,7,28.5714
2025-2026,R21,setor,Setor Alimentício,ia_prioridade,"Sim, é nossa principal prioridade como empresa (com foco executivo significativo e alocação de orçamento relevante).",3,17,17.6471
2025-2026,R21,setor,Setor Alimentício,ia_prioridade,"Mais ou menos... É uma das várias iniciativas que estamos impulsionando, mas não é uma prioridade (tratam-se de iniciativas isoladas e com pouco foco).",5,17,29.4118
2025-2026,R21,setor,Setor Alimentício,ia_prioridade,"Sim, está entre nossas principais prioridades para os próximos 2-4 anos (com discussões de iniciativas e orçamentos de curto a médio prazo).",7,17,41.1765
2025-2026,R21,setor,Setor Alimentício,ia_prioridade,Não é uma iniciativa que estamos focando e não tem sido uma prioridade.,1,17,5.8824
2025-2026,R21,setor,Setor Alimentício,ia_prioridade,Não sei opinar sobre esse assunto.,1,17,5.8824
2025-2026,R21,setor,Setor Automotivo,ia_prioridade,"Mais ou menos... É uma das várias iniciativas que estamos impulsionando, mas não é uma prioridade (tratam-se de iniciativas isoladas e com pouco foco).",5,10,50.0
2025-2026,R21,setor,Setor Automotivo,ia_prioridade,"Sim, está entre nossas principais prioridades para os próximos 2-4 anos (com discussões de iniciativas e orçamentos de curto a médio prazo).",5,10,50.0
2025-2026,R21,setor,Setor Farmaceutico,ia_prioridade,"Sim, está entre nossas principais prioridades para os próximos 2-4 anos (com discussões de iniciativas e orçamentos de curto a médio prazo).",3,5,60.0
2025-2026,R21,setor,Setor Farmaceutico,ia_prioridade,"Sim, é nossa principal prioridade como empresa (com foco executivo significativo e alocação de orçamento relevante).",2,5,40.0
2025-2026,R21,setor,Setor Imobiliário/ Construção Civil,ia_prioridade,Não é uma iniciativa que estamos focando e não tem sido uma prioridade.,1,10,10.0
2025-2026,R21,setor,Setor Imobiliário/ Construção Civil,ia_prioridade,"Sim, está entre nossas principais prioridades para os próximos 2-4 anos (com discussões de iniciativas e orçamentos de curto a médio prazo).",2,10,20.0
2025-2026,R21,setor,Setor Imobiliário/ Construção Civil,ia_prioridade,"Mais ou menos... É uma das várias iniciativas que estamos impulsionando, mas não é uma prioridade (tratam-se de iniciativas isoladas e com pouco foco).",6,10,60.0
2025-2026,R21,setor,Setor Imobiliário/ Construção Civil,ia_prioridade,"Sim, é nossa principal prioridade como empresa (com foco executivo significativo e alocação de orçamento relevante).",1,10,10.0
2025-2026,R21,setor,Setor Público,ia_prioridade,Não é uma iniciativa que estamos focando e não tem sido uma prioridade.,5,23,21.7391
2025-2026,R21,setor,Setor Público,ia_prioridade,"Mais ou menos... É uma das várias iniciativas que estamos impulsionando, mas não é uma prioridade (tratam-se de iniciativas isoladas e com pouco foco).",8,23,34.7826
2025-2026,R21,setor,Setor Público,ia_prioridade,"Sim, é nossa principal prioridade como empresa (com foco executivo significativo e alocação de orçamento relevante).",2,23,8.6957
2025-2026,R21,setor,Setor Público,ia_prioridade,"Sim, está entre nossas principais prioridades para os próximos 2-4 anos (com discussões de iniciativas e orçamentos de curto a médio prazo).",8,23,34.7826
2025-2026,R21,setor,Setor de Energia,ia_prioridade,"Sim, está entre nossas principais prioridades para os próximos 2-4 anos (com discussões de iniciativas e orçamentos de curto a médio prazo).",6,16,37.5
2025-2026,R21,setor,Setor de Energia,ia_prioridade,"Sim, é nossa principal prioridade como empresa (com foco executivo significativo e alocação de orçamento relevante).",4,16,25.0
2025-2026,R21,setor,Setor de Energia,ia_prioridade,Não é uma iniciativa que estamos focando e não tem sido uma prioridade.,5,16,31.25
2025-2026,R21,setor,Setor de Energia,ia_prioridade,"Mais ou menos... É uma das várias iniciativas que estamos impulsionando, mas não é uma prioridade (tratam-se de iniciativas isoladas e com pouco foco).",1,16,6.25
2025-2026,R21,setor,Tecnologia/Fábrica de Software,ia_prioridade,"Mais ou menos... É uma das várias iniciativas que estamos impulsionando, mas não é uma prioridade (tratam-se de iniciativas isoladas e com pouco foco).",19,120,15.8333
2025-2026,R21,setor,Tecnologia/Fábrica de Software,ia_prioridade,"Sim, está entre nossas principais prioridades para os próximos 2-4 anos (com discussões de iniciativas e orçamentos de curto a médio prazo).",50,120,41.6667
2025-2026,R21,setor,Tecnologia/Fábrica de Software,ia_prioridade,"Sim, é nossa principal prioridade como empresa (com foco executivo significativo e alocação de orçamento relevante).",45,120,37.5
2025-2026,R21,setor,Tecnologia/Fábrica de Software,ia_prioridade,Não é uma iniciativa que estamos focando e não tem sido uma prioridade.,6,120,5.0
2025-2026,R21,setor,Telecomunicação,ia_prioridade,"Mais ou menos... É uma das várias iniciativas que estamos impulsionando, mas não é uma prioridade (tratam-se de iniciativas isoladas e com pouco foco).",4,9,44.4444
2025-2026,R21,setor,Telecomunicação,ia_prioridade,"Sim, está entre nossas principais prioridades para os próximos 2-4 anos (com discussões de iniciativas e orçamentos de curto a médio prazo).",2,9,22.2222
2025-2026,R21,setor,Telecomunicação,ia_prioridade,Não é uma iniciativa que estamos focando e não tem sido uma prioridade.,2,9,22.2222
2025-2026,R21,setor,Telecomunicação,ia_prioridade,Não sei opinar sobre esse assunto.,1,9,11.1111
2025-2026,R21,setor,Varejo,ia_prioridade,"Sim, é nossa principal prioridade como empresa (com foco executivo significativo e alocação de orçamento relevante).",5,43,11.6279
2025-2026,R21,setor,Varejo,ia_prioridade,"Sim, está entre nossas principais prioridades para os próximos 2-4 anos (com discussões de iniciativas e orçamentos de curto a médio prazo).",14,43,32.5581
2025-2026,R21,setor,Varejo,ia_prioridade,Não é uma iniciativa que estamos focando e não tem sido uma prioridade.,4,43,9.3023
2025-2026,R21,setor,Varejo,ia_prioridade,Não sei opinar sobre esse assunto.,1,43,2.3256
2025-2026,R21,setor,Varejo,ia_prioridade,"Mais ou menos... É uma das várias iniciativas que estamos impulsionando, mas não é uma prioridade (tratam-se de iniciativas isoladas e com pouco foco).",19,43,44.186
2025-2026,R21,setor,Área da Saúde,ia_prioridade,"Sim, está entre nossas principais prioridades para os próximos 2-4 anos (com discussões de iniciativas e orçamentos de curto a médio prazo).",10,27,37.037
2025-2026,R21,setor,Área da Saúde,ia_prioridade,Não sei opinar sobre esse assunto.,1,27,3.7037
2025-2026,R21,setor,Área da Saúde,ia_prioridade,Não é uma iniciativa que estamos focando e não tem sido uma prioridade.,2,27,7.4074
2025-2026,R21,setor,Área da Saúde,ia_prioridade,"Sim, é nossa principal prioridade como empresa (com foco executivo significativo e alocação de orçamento relevante).",4,27,14.8148
2025-2026,R21,setor,Área da Saúde,ia_prioridade,"Mais ou menos... É uma das várias iniciativas que estamos impulsionando, mas não é uma prioridade (tratam-se de iniciativas isoladas e com pouco foco).",10,27,37.037
2025-2026,R21,setor,Área de Consultoria,ia_prioridade,Não sei opinar sobre esse assunto.,2,69,2.8986
2025-2026,R21,setor,Área de Consultoria,ia_prioridade,Não é uma iniciativa que estamos focando e não tem sido uma prioridade.,7,69,10.1449
2025-2026,R21,setor,Área de Consultoria,ia_prioridade,"Mais ou menos... É uma das várias iniciativas que estamos impulsionando, mas não é uma prioridade (tratam-se de iniciativas isoladas e com pouco foco).",13,69,18.8406
2025-2026,R21,setor,Área de Consultoria,ia_prioridade,"Sim, está entre nossas principais prioridades para os próximos 2-4 anos (com discussões de iniciativas e orçamentos de curto a médio prazo).",22,69,31.8841
2025-2026,R21,setor,Área de Consultoria,ia_prioridade,"Sim, é nossa principal prioridade como empresa (com foco executivo significativo e alocação de orçamento relevante).",25,69,36.2319
2023-2024,R21,porte_empresa,Acima de 3.000,ia_prioridade,"Sim, é nossa principal prioridade como empresa (com foco executivo significativo e alocação de orçamento relevante).",61,336,18.1548
2023-2024,R21,porte_empresa,Acima de 3.000,ia_prioridade,"Mais ou menos... É uma das várias iniciativas que estamos impulsionando, mas não é uma prioridade (iniciativas isoladas e pouco foco).",108,336,32.1429
2023-2024,R21,porte_empresa,Acima de 3.000,ia_prioridade,"Sim, está entre nossas principais prioridades para os próximos 2-4 anos (com discussões de iniciativas e orçamentos de curto a médio prazo).",107,336,31.8452
2023-2024,R21,porte_empresa,Acima de 3.000,ia_prioridade,Não é uma iniciativa que estamos focando e não tem sido uma prioridade.,53,336,15.7738
2023-2024,R21,porte_empresa,Acima de 3.000,ia_prioridade,Não sei opinar sobre esse assunto.,7,336,2.0833
2023-2024,R21,porte_empresa,de 1 a 5,ia_prioridade,"Sim, é nossa principal prioridade como empresa (com foco executivo significativo e alocação de orçamento relevante).",9,58,15.5172
2023-2024,R21,porte_empresa,de 1 a 5,ia_prioridade,Não é uma iniciativa que estamos focando e não tem sido uma prioridade.,20,58,34.4828
2023-2024,R21,porte_empresa,de 1 a 5,ia_prioridade,"Sim, está entre nossas principais prioridades para os próximos 2-4 anos (com discussões de iniciativas e orçamentos de curto a médio prazo).",11,58,18.9655
2023-2024,R21,porte_empresa,de 1 a 5,ia_prioridade,Não sei opinar sobre esse assunto.,4,58,6.8966
2023-2024,R21,porte_empresa,de 1 a 5,ia_prioridade,"Mais ou menos... É uma das várias iniciativas que estamos impulsionando, mas não é uma prioridade (iniciativas isoladas e pouco foco).",14,58,24.1379
2023-2024,R21,porte_empresa,de 1.001 a 3.000,ia_prioridade,Não sei opinar sobre esse assunto.,4,85,4.7059
2023-2024,R21,porte_empresa,de 1.001 a 3.000,ia_prioridade,"Sim, é nossa principal prioridade como empresa (com foco executivo significativo e alocação de orçamento relevante).",3,85,3.5294
2023-2024,R21,porte_empresa,de 1.001 a 3.000,ia_prioridade,"Sim, está entre nossas principais prioridades para os próximos 2-4 anos (com discussões de iniciativas e orçamentos de curto a médio prazo).",24,85,28.2353
2023-2024,R21,porte_empresa,de 1.001 a 3.000,ia_prioridade,"Mais ou menos... É uma das várias iniciativas que estamos impulsionando, mas não é uma prioridade (iniciativas isoladas e pouco foco).",26,85,30.5882
2023-2024,R21,porte_empresa,de 1.001 a 3.000,ia_prioridade,Não é uma iniciativa que estamos focando e não tem sido uma prioridade.,28,85,32.9412
2023-2024,R21,porte_empresa,de 101 a 500,ia_prioridade,"Sim, está entre nossas principais prioridades para os próximos 2-4 anos (com discussões de iniciativas e orçamentos de curto a médio prazo).",30,170,17.6471
2023-2024,R21,porte_empresa,de 101 a 500,ia_prioridade,Não sei opinar sobre esse assunto.,11,170,6.4706
2023-2024,R21,porte_empresa,de 101 a 500,ia_prioridade,Não é uma iniciativa que estamos focando e não tem sido uma prioridade.,65,170,38.2353
2023-2024,R21,porte_empresa,de 101 a 500,ia_prioridade,"Mais ou menos... É uma das várias iniciativas que estamos impulsionando, mas não é uma prioridade (iniciativas isoladas e pouco foco).",55,170,32.3529
2023-2024,R21,porte_empresa,de 101 a 500,ia_prioridade,"Sim, é nossa principal prioridade como empresa (com foco executivo significativo e alocação de orçamento relevante).",9,170,5.2941
2023-2024,R21,porte_empresa,de 11 a 50,ia_prioridade,"Mais ou menos... É uma das várias iniciativas que estamos impulsionando, mas não é uma prioridade (iniciativas isoladas e pouco foco).",24,78,30.7692
2023-2024,R21,porte_empresa,de 11 a 50,ia_prioridade,"Sim, é nossa principal prioridade como empresa (com foco executivo significativo e alocação de orçamento relevante).",6,78,7.6923
2023-2024,R21,porte_empresa,de 11 a 50,ia_prioridade,Não é uma iniciativa que estamos focando e não tem sido uma prioridade.,28,78,35.8974
2023-2024,R21,porte_empresa,de 11 a 50,ia_prioridade,"Sim, está entre nossas principais prioridades para os próximos 2-4 anos (com discussões de iniciativas e orçamentos de curto a médio prazo).",14,78,17.9487
2023-2024,R21,porte_empresa,de 11 a 50,ia_prioridade,Não sei opinar sobre esse assunto.,6,78,7.6923
2023-2024,R21,porte_empresa,de 501 a 1.000,ia_prioridade,"Sim, está entre nossas principais prioridades para os próximos 2-4 anos (com discussões de iniciativas e orçamentos de curto a médio prazo).",15,80,18.75
2023-2024,R21,porte_empresa,de 501 a 1.000,ia_prioridade,Não sei opinar sobre esse assunto.,1,80,1.25
2023-2024,R21,porte_empresa,de 501 a 1.000,ia_prioridade,Não é uma iniciativa que estamos focando e não tem sido uma prioridade.,30,80,37.5
2023-2024,R21,porte_empresa,de 501 a 1.000,ia_prioridade,"Mais ou menos... É uma das várias iniciativas que estamos impulsionando, mas não é uma prioridade (iniciativas isoladas e pouco foco).",22,80,27.5
2023-2024,R21,porte_empresa,de 501 a 1.000,ia_prioridade,"Sim, é nossa principal prioridade como empresa (com foco executivo significativo e alocação de orçamento relevante).",12,80,15.0
2023-2024,R21,porte_empresa,de 51 a 100,ia_prioridade,Não sei opinar sobre esse assunto.,3,64,4.6875
2023-2024,R21,porte_empresa,de 51 a 100,ia_prioridade,Não é uma iniciativa que estamos focando e não tem sido uma prioridade.,23,64,35.9375
2023-2024,R21,porte_empresa,de 51 a 100,ia_prioridade,"Sim, é nossa principal prioridade como empresa (com foco executivo significativo e alocação de orçamento relevante).",8,64,12.5
2023-2024,R21,porte_empresa,de 51 a 100,ia_prioridade,"Sim, está entre nossas principais prioridades para os próximos 2-4 anos (com discussões de iniciativas e orçamentos de curto a médio prazo).",11,64,17.1875
2023-2024,R21,porte_empresa,de 51 a 100,ia_prioridade,"Mais ou menos... É uma das várias iniciativas que estamos impulsionando, mas não é uma prioridade (iniciativas isoladas e pouco foco).",19,64,29.6875
2023-2024,R21,porte_empresa,de 6 a 10,ia_prioridade,"Mais ou menos... É uma das várias iniciativas que estamos impulsionando, mas não é uma prioridade (iniciativas isoladas e pouco foco).",7,25,28.0
2023-2024,R21,porte_empresa,de 6 a 10,ia_prioridade,"Sim, está entre nossas principais prioridades para os próximos 2-4 anos (com discussões de iniciativas e orçamentos de curto a médio prazo).",2,25,8.0
2023-2024,R21,porte_empresa,de 6 a 10,ia_prioridade,"Sim, é nossa principal prioridade como empresa (com foco executivo significativo e alocação de orçamento relevante).",2,25,8.0
2023-2024,R21,porte_empresa,de 6 a 10,ia_prioridade,Não sei opinar sobre esse assunto.,3,25,12.0
2023-2024,R21,porte_empresa,de 6 a 10,ia_prioridade,Não é uma iniciativa que estamos focando e não tem sido uma prioridade.,11,25,44.0
2024-2025,R21,porte_empresa,Acima de 3.000,ia_prioridade,"Sim, está entre nossas principais prioridades para os próximos 2-4 anos (com discussões de iniciativas e orçamentos de curto a médio prazo).",183,477,38.3648
2024-2025,R21,porte_empresa,Acima de 3.000,ia_prioridade,Não é uma iniciativa que estamos focando e não tem sido uma prioridade.,47,477,9.8532
2024-2025,R21,porte_empresa,Acima de 3.000,ia_prioridade,"Sim, é nossa principal prioridade como empresa (com foco executivo significativo e alocação de orçamento relevante).",129,477,27.044
2024-2025,R21,porte_empresa,Acima de 3.000,ia_prioridade,"Mais ou menos... É uma das várias iniciativas que estamos impulsionando, mas não é uma prioridade (tratam-se de iniciativas isoladas e com pouco foco).",111,477,23.2704
2024-2025,R21,porte_empresa,Acima de 3.000,ia_prioridade,Não sei opinar sobre esse assunto.,7,477,1.4675
2024-2025,R21,porte_empresa,de 1 a 5,ia_prioridade,"Sim, é nossa principal prioridade como empresa (com foco executivo significativo e alocação de orçamento relevante).",15,62,24.1935
2024-2025,R21,porte_empresa,de 1 a 5,ia_prioridade,"Sim, está entre nossas principais prioridades para os próximos 2-4 anos (com discussões de iniciativas e orçamentos de curto a médio prazo).",10,62,16.129
2024-2025,R21,porte_empresa,de 1 a 5,ia_prioridade,Não sei opinar sobre esse assunto.,6,62,9.6774
2024-2025,R21,porte_empresa,de 1 a 5,ia_prioridade,"Mais ou menos... É uma das várias iniciativas que estamos impulsionando, mas não é uma prioridade (tratam-se de iniciativas isoladas e com pouco foco).",18,62,29.0323
2024-2025,R21,porte_empresa,de 1 a 5,ia_prioridade,Não é uma iniciativa que estamos focando e não tem sido uma prioridade.,13,62,20.9677
2024-2025,R21,porte_empresa,de 1.001 a 3.000,ia_prioridade,"Sim, é nossa principal prioridade como empresa (com foco executivo significativo e alocação de orçamento relevante).",17,104,16.3462
2024-2025,R21,porte_empresa,de 1.001 a 3.000,ia_prioridade,Não é uma iniciativa que estamos focando e não tem sido uma prioridade.,14,104,13.4615
2024-2025,R21,porte_empresa,de 1.001 a 3.000,ia_prioridade,Não sei opinar sobre esse assunto.,3,104,2.8846
2024-2025,R21,porte_empresa,de 1.001 a 3.000,ia_prioridade,"Mais ou menos... É uma das várias iniciativas que estamos impulsionando, mas não é uma prioridade (tratam-se de iniciativas isoladas e com pouco foco).",36,104,34.6154
2024-2025,R21,porte_empresa,de 1.001 a 3.000,ia_prioridade,"Sim, está entre nossas principais prioridades para os próximos 2-4 anos (com discussões de iniciativas e orçamentos de curto a médio prazo).",34,104,32.6923
2024-2025,R21,porte_empresa,de 101 a 500,ia_prioridade,"Mais ou menos... É uma das várias iniciativas que estamos impulsionando, mas não é uma prioridade (tratam-se de iniciativas isoladas e com pouco foco).",48,157,30.5732
2024-2025,R21,porte_empresa,de 101 a 500,ia_prioridade,"Sim, é nossa principal prioridade como empresa (com foco executivo significativo e alocação de orçamento relevante).",31,157,19.7452
2024-2025,R21,porte_empresa,de 101 a 500,ia_prioridade,Não é uma iniciativa que estamos focando e não tem sido uma prioridade.,36,157,22.9299
2024-2025,R21,porte_empresa,de 101 a 500,ia_prioridade,"Sim, está entre nossas principais prioridades para os próximos 2-4 anos (com discussões de iniciativas e orçamentos de curto a médio prazo).",39,157,24.8408
2024-2025,R21,porte_empresa,de 101 a 500,ia_prioridade,Não sei opinar sobre esse assunto.,3,157,1.9108
2024-2025,R21,porte_empresa,de 11 a 50,ia_prioridade,"Sim, é nossa principal prioridade como empresa (com foco executivo significativo e alocação de orçamento relevante).",12,75,16.0
2024-2025,R21,porte_empresa,de 11 a 50,ia_prioridade,"Sim, está entre nossas principais prioridades para os próximos 2-4 anos (com discussões de iniciativas e orçamentos de curto a médio prazo).",14,75,18.6667
2024-2025,R21,porte_empresa,de 11 a 50,ia_prioridade,"Mais ou menos... É uma das várias iniciativas que estamos impulsionando, mas não é uma prioridade (tratam-se de iniciativas isoladas e com pouco foco).",29,75,38.6667
2024-2025,R21,porte_empresa,de 11 a 50,ia_prioridade,Não é uma iniciativa que estamos focando e não tem sido uma prioridade.,16,75,21.3333
2024-2025,R21,porte_empresa,de 11 a 50,ia_prioridade,Não sei opinar sobre esse assunto.,4,75,5.3333
2024-2025,R21,porte_empresa,de 501 a 1.000,ia_prioridade,"Mais ou menos... É uma das várias iniciativas que estamos impulsionando, mas não é uma prioridade (tratam-se de iniciativas isoladas e com pouco foco).",36,83,43.3735
2024-2025,R21,porte_empresa,de 501 a 1.000,ia_prioridade,"Sim, está entre nossas principais prioridades para os próximos 2-4 anos (com discussões de iniciativas e orçamentos de curto a médio prazo).",21,83,25.3012
2024-2025,R21,porte_empresa,de 501 a 1.000,ia_prioridade,Não é uma iniciativa que estamos focando e não tem sido uma prioridade.,8,83,9.6386
2024-2025,R21,porte_empresa,de 501 a 1.000,ia_prioridade,"Sim, é nossa principal prioridade como empresa (com foco executivo significativo e alocação de orçamento relevante).",16,83,19.2771
2024-2025,R21,porte_empresa,de 501 a 1.000,ia_prioridade,Não sei opinar sobre esse assunto.,2,83,2.4096
2024-2025,R21,porte_empresa,de 51 a 100,ia_prioridade,"Mais ou menos... É uma das várias iniciativas que estamos impulsionando, mas não é uma prioridade (tratam-se de iniciativas isoladas e com pouco foco).",19,66,28.7879
2024-2025,R21,porte_empresa,de 51 a 100,ia_prioridade,"Sim, está entre nossas principais prioridades para os próximos 2-4 anos (com discussões de iniciativas e orçamentos de curto a médio prazo).",18,66,27.2727
2024-2025,R21,porte_empresa,de 51 a 100,ia_prioridade,"Sim, é nossa principal prioridade como empresa (com foco executivo significativo e alocação de orçamento relevante).",9,66,13.6364
2024-2025,R21,porte_empresa,de 51 a 100,ia_prioridade,Não sei opinar sobre esse assunto.,4,66,6.0606
2024-2025,R21,porte_empresa,de 51 a 100,ia_prioridade,Não é uma iniciativa que estamos focando e não tem sido uma prioridade.,16,66,24.2424
2024-2025,R21,porte_empresa,de 6 a 10,ia_prioridade,"Sim, está entre nossas principais prioridades para os próximos 2-4 anos (com discussões de iniciativas e orçamentos de curto a médio prazo).",6,21,28.5714
2024-2025,R21,porte_empresa,de 6 a 10,ia_prioridade,"Sim, é nossa principal prioridade como empresa (com foco executivo significativo e alocação de orçamento relevante).",6,21,28.5714
2024-2025,R21,porte_empresa,de 6 a 10,ia_prioridade,Não é uma iniciativa que estamos focando e não tem sido uma prioridade.,5,21,23.8095
2024-2025,R21,porte_empresa,de 6 a 10,ia_prioridade,"Mais ou menos... É uma das várias iniciativas que estamos impulsionando, mas não é uma prioridade (tratam-se de iniciativas isoladas e com pouco foco).",4,21,19.0476
2025-2026,R21,porte_empresa,Acima de 3.000,ia_prioridade,"Mais ou menos... É uma das várias iniciativas que estamos impulsionando, mas não é uma prioridade (tratam-se de iniciativas isoladas e com pouco foco).",56,231,24.2424
2025-2026,R21,porte_empresa,Acima de 3.000,ia_prioridade,Não é uma iniciativa que estamos focando e não tem sido uma prioridade.,8,231,3.4632
2025-2026,R21,porte_empresa,Acima de 3.000,ia_prioridade,Não sei opinar sobre esse assunto.,3,231,1.2987
2025-2026,R21,porte_empresa,Acima de 3.000,ia_prioridade,"Sim, é nossa principal prioridade como empresa (com foco executivo significativo e alocação de orçamento relevante).",69,231,29.8701
2025-2026,R21,porte_empresa,Acima de 3.000,ia_prioridade,"Sim, está entre nossas principais prioridades para os próximos 2-4 anos (com discussões de iniciativas e orçamentos de curto a médio prazo).",95,231,41.1255
2025-2026,R21,porte_empresa,de 1 a 5,ia_prioridade,"Mais ou menos... É uma das várias iniciativas que estamos impulsionando, mas não é uma prioridade (tratam-se de iniciativas isoladas e com pouco foco).",11,40,27.5
2025-2026,R21,porte_empresa,de 1 a 5,ia_prioridade,"Sim, está entre nossas principais prioridades para os próximos 2-4 anos (com discussões de iniciativas e orçamentos de curto a médio prazo).",6,40,15.0
2025-2026,R21,porte_empresa,de 1 a 5,ia_prioridade,"Sim, é nossa principal prioridade como empresa (com foco executivo significativo e alocação de orçamento relevante).",13,40,32.5
2025-2026,R21,porte_empresa,de 1 a 5,ia_prioridade,Não é uma iniciativa que estamos focando e não tem sido uma prioridade.,5,40,12.5
2025-2026,R21,porte_empresa,de 1 a 5,ia_prioridade,Não sei opinar sobre esse assunto.,5,40,12.5
2025-2026,R21,porte_empresa,de 1.001 a 3.000,ia_prioridade,Não é uma iniciativa que estamos focando e não tem sido uma prioridade.,3,62,4.8387
2025-2026,R21,porte_empresa,de 1.001 a 3.000,ia_prioridade,"Sim, é nossa principal prioridade como empresa (com foco executivo significativo e alocação de orçamento relevante).",14,62,22.5806
2025-2026,R21,porte_empresa,de 1.001 a 3.000,ia_prioridade,"Sim, está entre nossas principais prioridades para os próximos 2-4 anos (com discussões de iniciativas e orçamentos de curto a médio prazo).",30,62,48.3871
2025-2026,R21,porte_empresa,de 1.001 a 3.000,ia_prioridade,"Mais ou menos... É uma das várias iniciativas que estamos impulsionando, mas não é uma prioridade (tratam-se de iniciativas isoladas e com pouco foco).",15,62,24.1935
2025-2026,R21,porte_empresa,de 101 a 500,ia_prioridade,"Sim, está entre nossas principais prioridades para os próximos 2-4 anos (com discussões de iniciativas e orçamentos de curto a médio prazo).",41,103,39.8058
2025-2026,R21,porte_empresa,de 101 a 500,ia_prioridade,"Sim, é nossa principal prioridade como empresa (com foco executivo significativo e alocação de orçamento relevante).",18,103,17.4757
2025-2026,R21,porte_empresa,de 101 a 500,ia_prioridade,Não é uma iniciativa que estamos focando e não tem sido uma prioridade.,16,103,15.534
2025-2026,R21,porte_empresa,de 101 a 500,ia_prioridade,"Mais ou menos... É uma das várias iniciativas que estamos impulsionando, mas não é uma prioridade (tratam-se de iniciativas isoladas e com pouco foco).",26,103,25.2427
2025-2026,R21,porte_empresa,de 101 a 500,ia_prioridade,Não sei opinar sobre esse assunto.,2,103,1.9417
2025-2026,R21,porte_empresa,de 11 a 50,ia_prioridade,"Sim, é nossa principal prioridade como empresa (com foco executivo significativo e alocação de orçamento relevante).",16,67,23.8806
2025-2026,R21,porte_empresa,de 11 a 50,ia_prioridade,Não sei opinar sobre esse assunto.,2,67,2.9851
2025-2026,R21,porte_empresa,de 11 a 50,ia_prioridade,"Mais ou menos... É uma das várias iniciativas que estamos impulsionando, mas não é uma prioridade (tratam-se de iniciativas isoladas e com pouco foco).",17,67,25.3731
2025-2026,R21,porte_empresa,de 11 a 50,ia_prioridade,"Sim, está entre nossas principais prioridades para os próximos 2-4 anos (com discussões de iniciativas e orçamentos de curto a médio prazo).",17,67,25.3731
2025-2026,R21,porte_empresa,de 11 a 50,ia_prioridade,Não é uma iniciativa que estamos focando e não tem sido uma prioridade.,15,67,22.3881
2025-2026,R21,porte_empresa,de 501 a 1.000,ia_prioridade,"Mais ou menos... É uma das várias iniciativas que estamos impulsionando, mas não é uma prioridade (tratam-se de iniciativas isoladas e com pouco foco).",21,63,33.3333
2025-2026,R21,porte_empresa,de 501 a 1.000,ia_prioridade,"Sim, está entre nossas principais prioridades para os próximos 2-4 anos (com discussões de iniciativas e orçamentos de curto a médio prazo).",23,63,36.5079
2025-2026,R21,porte_empresa,de 501 a 1.000,ia_prioridade,Não é uma iniciativa que estamos focando e não tem sido uma prioridade.,8,63,12.6984
2025-2026,R21,porte_empresa,de 501 a 1.000,ia_prioridade,"Sim, é nossa principal prioridade como empresa (com foco executivo significativo e alocação de orçamento relevante).",11,63,17.4603
2025-2026,R21,porte_empresa,de 51 a 100,ia_prioridade,"Sim, é nossa principal prioridade como empresa (com foco executivo significativo e alocação de orçamento relevante).",10,68,14.7059
2025-2026,R21,porte_empresa,de 51 a 100,ia_prioridade,"Mais ou menos... É uma das várias iniciativas que estamos impulsionando, mas não é uma prioridade (tratam-se de iniciativas isoladas e com pouco foco).",18,68,26.4706
2025-2026,R21,porte_empresa,de 51 a 100,ia_prioridade,Não é uma iniciativa que estamos focando e não tem sido uma prioridade.,13,68,19.1176
2025-2026,R21,porte_empresa,de 51 a 100,ia_prioridade,"Sim, está entre nossas principais prioridades para os próximos 2-4 anos (com discussões de iniciativas e orçamentos de curto a médio prazo).",26,68,38.2353
2025-2026,R21,porte_empresa,de 51 a 100,ia_prioridade,Não sei opinar sobre esse assunto.,1,68,1.4706
2025-2026,R21,porte_empresa,de 6 a 10,ia_prioridade,"Sim, é nossa principal prioridade como empresa (com foco executivo significativo e alocação de orçamento relevante).",4,18,22.2222
2025-2026,R21,porte_empresa,de 6 a 10,ia_prioridade,"Sim, está entre nossas principais prioridades para os próximos 2-4 anos (com discussões de iniciativas e orçamentos de curto a médio prazo).",2,18,11.1111
2025-2026,R21,porte_empresa,de 6 a 10,ia_prioridade,"Mais ou menos... É uma das várias iniciativas que estamos impulsionando, mas não é uma prioridade (tratam-se de iniciativas isoladas e com pouco foco).",5,18,27.7778
2025-2026,R21,porte_empresa,de 6 a 10,ia_prioridade,Não é uma iniciativa que estamos focando e não tem sido uma prioridade.,6,18,33.3333
2025-2026,R21,porte_empresa,de 6 a 10,ia_prioridade,Não sei opinar sobre esse assunto.,1,18,5.5556
